"Code";"Name";"total;dwellings;2021;[-]";
0000000;"POLAND";15359507;
0200000;"DOLNOŚLĄSKIE";1274214;
0201000;"Powiat bolesławiecki";34480;
0201011;"Bolesławiec (1)";16988;
0201022;"Bolesławiec (2)";4648;
0201032;"Gromadka (2)";1794;
0201043;"Nowogrodziec (3)";4569;
0201044;"Nowogrodziec - urban area (4)";1483;
0201045;"Nowogrodziec - rural area (5)";3086;
0201052;"Osiecznica (2)";2929;
0201062;"Warta Bolesławiecka (2)";3552;
0202000;"Powiat dzierżoniowski";40736;
0202011;"Bielawa (1)";12735;
0202021;"Dzierżoniów (1)";14463;
0202033;"Pieszyce (3)";3432;
0202034;"Pieszyce - urban area (4)";2753;
0202035;"Pieszyce - rural area (5)";679;
0202041;"Piława Górna (1)";2375;
0202052;"Dzierżoniów (2)";3296;
0202062;"Łagiewniki (2)";2382;
0202073;"Niemcza (3)";2053;
0202074;"Niemcza - urban area (4)";1133;
0202075;"Niemcza - rural area (5)";920;
0203000;"Powiat głogowski";34323;
0203011;"Głogów (1)";26989;
0203022;"Głogów (2)";2327;
0203032;"Jerzmanowa (2)";1785;
0203042;"Kotla (2)";1408;
0203052;"Pęcław (2)";748;
0203062;"Żukowice (2)";1066;
0204000;"Powiat górowski";12182;
0204013;"Góra (3)";7026;
0204014;"Góra - urban area (4)";4486;
0204015;"Góra - rural area (5)";2540;
0204022;"Jemielno (2)";964;
0204032;"Niechlów (2)";1672;
0204043;"Wąsosz (3)";2520;
0204044;"Wąsosz - urban area (4)";1012;
0204045;"Wąsosz - rural area (5)";1508;
0205000;"Powiat jaworski";18384;
0205011;"Jawor (1)";8993;
0205023;"Bolków (3)";3699;
0205024;"Bolków - urban area (4)";1999;
0205025;"Bolków - rural area (5)";1700;
0205032;"Męcinka (2)";1690;
0205042;"Mściwojów (2)";1387;
0205052;"Paszowice (2)";1345;
0205062;"Wądroże Wielkie (2)";1270;
0206000;"Powiat karkonoski";26994;
0206011;"Karpacz (1)";2675;
0206021;"Kowary (1)";4463;
0206031;"Piechowice (1)";2424;
0206041;"Szklarska Poręba (1)";4177;
0206052;"Janowice Wielkie (2)";1493;
0206062;"Jeżów Sudecki (2)";2678;
0206072;"Mysłakowice (2)";4043;
0206082;"Podgórzyn (2)";3128;
0206092;"Stara Kamienica (2)";1913;
0207000;"Powiat kamiennogórski";17066;
0207011;"Kamienna Góra (1)";8000;
0207022;"Kamienna Góra (2)";2984;
0207033;"Lubawka (3)";4365;
0207034;"Lubawka - urban area (4)";2532;
0207035;"Lubawka - rural area (5)";1833;
0207042;"Marciszów (2)";1717;
0208000;"Powiat kłodzki";66032;
0208011;"Duszniki-Zdrój (1)";2065;
0208021;"Kłodzko (1)";11965;
0208031;"Kudowa-Zdrój (1)";4143;
0208041;"Nowa Ruda (1)";9407;
0208051;"Polanica-Zdrój (1)";3306;
0208063;"Bystrzyca Kłodzka (3)";7998;
0208064;"Bystrzyca Kłodzka - urban area (4)";4200;
0208065;"Bystrzyca Kłodzka - rural area (5)";3798;
0208072;"Kłodzko (2)";6457;
0208083;"Lądek-Zdrój (3)";3448;
0208084;"Lądek-Zdrój - urban area (4)";2528;
0208085;"Lądek-Zdrój - rural area (5)";920;
0208092;"Lewin Kłodzki (2)";835;
0208103;"Międzylesie (3)";2862;
0208104;"Międzylesie - urban area (4)";1070;
0208105;"Międzylesie - rural area (5)";1792;
0208112;"Nowa Ruda (2)";4390;
0208123;"Radków (3)";3172;
0208124;"Radków - urban area (4)";927;
0208125;"Radków - rural area (5)";2245;
0208133;"Stronie Śląskie (3)";3270;
0208134;"Stronie Śląskie - urban area (4)";2382;
0208135;"Stronie Śląskie - rural area (5)";888;
0208143;"Szczytna (3)";2714;
0208144;"Szczytna - urban area (4)";1976;
0208145;"Szczytna - rural area (5)";738;
0209000;"Powiat legnicki";19701;
0209011;"Chojnów (1)";5277;
0209022;"Chojnów (2)";3361;
0209032;"Krotoszyce (2)";1095;
0209042;"Kunice (2)";2489;
0209052;"Legnickie Pole (2)";1713;
0209062;"Miłkowice (2)";2428;
0209073;"Prochowice (3)";2526;
0209074;"Prochowice - urban area (4)";1319;
0209075;"Prochowice - rural area (5)";1207;
0209082;"Ruja (2)";812;
0210000;"Powiat lubański";21084;
0210011;"Lubań (1)";8711;
0210021;"Świeradów-Zdrój (1)";2086;
0210033;"Leśna (3)";3723;
0210034;"Leśna - urban area (4)";1826;
0210035;"Leśna - rural area (5)";1897;
0210042;"Lubań (2)";1957;
0210053;"Olszyna (3)";2519;
0210054;"Olszyna - urban area (4)";1750;
0210055;"Olszyna - rural area (5)";769;
0210062;"Platerówka (2)";549;
0210072;"Siekierczyn (2)";1539;
0211000;"Powiat lubiński";43144;
0211011;"Lubin (1)";31181;
0211022;"Lubin (2)";5967;
0211032;"Rudna (2)";2586;
0211043;"Ścinawa (3)";3410;
0211044;"Ścinawa - urban area (4)";2081;
0211045;"Ścinawa - rural area (5)";1329;
0212000;"Powiat lwówecki";17272;
0212013;"Gryfów Śląski (3)";3761;
0212014;"Gryfów Śląski - urban area (4)";2745;
0212015;"Gryfów Śląski - rural area (5)";1016;
0212023;"Lubomierz (3)";2075;
0212024;"Lubomierz - urban area (4)";768;
0212025;"Lubomierz - rural area (5)";1307;
0212033;"Lwówek Śląski (3)";6310;
0212034;"Lwówek Śląski - urban area (4)";3599;
0212035;"Lwówek Śląski - rural area (5)";2711;
0212043;"Mirsk (3)";3384;
0212044;"Mirsk - urban area (4)";1563;
0212045;"Mirsk - rural area (5)";1821;
0212053;"Wleń (3)";1742;
0212054;"Wleń - urban area (4)";773;
0212055;"Wleń - rural area (5)";969;
0213000;"Powiat milicki";12365;
0213012;"Cieszków (2)";1360;
0213022;"Krośnice (2)";2473;
0213033;"Milicz (3)";8532;
0213034;"Milicz - urban area (4)";4650;
0213035;"Milicz - rural area (5)";3882;
0214000;"Powiat oleśnicki";39211;
0214011;"Oleśnica (1)";15143;
0214023;"Bierutów (3)";3441;
0214024;"Bierutów - urban area (4)";1822;
0214025;"Bierutów - rural area (5)";1619;
0214032;"Dobroszyce (2)";2257;
0214042;"Dziadowa Kłoda (2)";1389;
0214053;"Międzybórz (3)";1679;
0214054;"Międzybórz - urban area (4)";851;
0214055;"Międzybórz - rural area (5)";828;
0214062;"Oleśnica (2)";4951;
0214073;"Syców (3)";5953;
0214074;"Syców - urban area (4)";3850;
0214075;"Syców - rural area (5)";2103;
0214083;"Twardogóra (3)";4398;
0214084;"Twardogóra - urban area (4)";2292;
0214085;"Twardogóra - rural area (5)";2106;
0215000;"Powiat oławski";30490;
0215011;"Oława (1)";15050;
0215022;"Domaniów (2)";1484;
0215033;"Jelcz-Laskowice (3)";9219;
0215034;"Jelcz-Laskowice - urban area (4)";6522;
0215035;"Jelcz-Laskowice - rural area (5)";2697;
0215042;"Oława (2)";4737;
0216000;"Powiat polkowicki";23009;
0216013;"Chocianów (3)";4588;
0216014;"Chocianów - urban area (4)";3009;
0216015;"Chocianów - rural area (5)";1579;
0216022;"Gaworzyce (2)";1257;
0216032;"Grębocice (2)";1694;
0216043;"Polkowice (3)";11072;
0216044;"Polkowice - urban area (4)";9392;
0216045;"Polkowice - rural area (5)";1680;
0216053;"Przemków (3)";2840;
0216054;"Przemków - urban area (4)";2141;
0216055;"Przemków - rural area (5)";699;
0216062;"Radwanice (2)";1558;
0217000;"Powiat strzeliński";15666;
0217012;"Borów (2)";1720;
0217022;"Kondratowice (2)";1455;
0217032;"Przeworno (2)";1704;
0217043;"Strzelin (3)";8486;
0217044;"Strzelin - urban area (4)";5178;
0217045;"Strzelin - rural area (5)";3308;
0217053;"Wiązów (3)";2301;
0217054;"Wiązów - urban area (4)";864;
0217055;"Wiązów - rural area (5)";1437;
0218000;"Powiat średzki";20721;
0218012;"Kostomłoty (2)";2199;
0218022;"Malczyce (2)";2164;
0218032;"Miękinia (2)";7237;
0218043;"Środa Śląska (3)";7401;
0218044;"Środa Śląska - urban area (4)";4110;
0218045;"Środa Śląska - rural area (5)";3291;
0218052;"Udanin (2)";1720;
0219000;"Powiat świdnicki";63291;
0219011;"Świdnica (1)";25056;
0219021;"Świebodzice (1)";9686;
0219032;"Dobromierz (2)";1817;
0219043;"Jaworzyna Śląska (3)";3854;
0219044;"Jaworzyna Śląska - urban area (4)";2075;
0219045;"Jaworzyna Śląska - rural area (5)";1779;
0219052;"Marcinowice (2)";2172;
0219063;"Strzegom (3)";9876;
0219064;"Strzegom - urban area (4)";6505;
0219065;"Strzegom - rural area (5)";3371;
0219072;"Świdnica (2)";6241;
0219083;"Żarów (3)";4589;
0219084;"Żarów - urban area (4)";2808;
0219085;"Żarów - rural area (5)";1781;
0220000;"Powiat trzebnicki";30624;
0220013;"Oborniki Śląskie (3)";7649;
0220014;"Oborniki Śląskie - urban area (4)";3665;
0220015;"Oborniki Śląskie - rural area (5)";3984;
0220023;"Prusice (3)";2840;
0220024;"Prusice - urban area (4)";834;
0220025;"Prusice - rural area (5)";2006;
0220033;"Trzebnica (3)";9165;
0220034;"Trzebnica - urban area (4)";5940;
0220035;"Trzebnica - rural area (5)";3225;
0220042;"Wisznia Mała (2)";3801;
0220052;"Zawonia (2)";1942;
0220063;"Żmigród (3)";5227;
0220064;"Żmigród - urban area (4)";2530;
0220065;"Żmigród - rural area (5)";2697;
0221000;"Powiat wałbrzyski";22856;
0221011;"Boguszów-Gorce (1)";6741;
0221021;"Jedlina-Zdrój (1)";1936;
0221031;"Szczawno-Zdrój (1)";2521;
0221042;"Czarny Bór (2)";1631;
0221053;"Głuszyca (3)";3611;
0221054;"Głuszyca - urban area (4)";2704;
0221055;"Głuszyca - rural area (5)";907;
0221063;"Mieroszów (3)";2865;
0221064;"Mieroszów - urban area (4)";1778;
0221065;"Mieroszów - rural area (5)";1087;
0221072;"Stare Bogaczowice (2)";1345;
0221082;"Walim (2)";2206;
0222000;"Powiat wołowski";17971;
0222013;"Brzeg Dolny (3)";6729;
0222014;"Brzeg Dolny - urban area (4)";5554;
0222015;"Brzeg Dolny - rural area (5)";1175;
0222022;"Wińsko (2)";2915;
0222033;"Wołów (3)";8327;
0222034;"Wołów - urban area (4)";5125;
0222035;"Wołów - rural area (5)";3202;
0223000;"Powiat wrocławski";67522;
0223012;"Czernica (2)";8485;
0223022;"Długołęka (2)";14589;
0223032;"Jordanów Śląski (2)";934;
0223043;"Kąty Wrocławskie (3)";11711;
0223044;"Kąty Wrocławskie - urban area (4)";3057;
0223045;"Kąty Wrocławskie - rural area (5)";8654;
0223052;"Kobierzyce (2)";9659;
0223062;"Mietków (2)";1260;
0223073;"Sobótka (3)";5043;
0223074;"Sobótka - urban area (4)";2914;
0223075;"Sobótka - rural area (5)";2129;
0223083;"Siechnice (3)";11363;
0223084;"Siechnice - urban area (4)";4764;
0223085;"Siechnice - rural area (5)";6599;
0223092;"Żórawina (2)";4478;
0224000;"Powiat ząbkowicki";24797;
0224013;"Bardo (3)";1954;
0224014;"Bardo - urban area (4)";1031;
0224015;"Bardo - rural area (5)";923;
0224022;"Ciepłowody (2)";985;
0224033;"Kamieniec Ząbkowicki (3)";3072;
0224034;"Kamieniec Ząbkowicki - urban area (4)";1786;
0224035;"Kamieniec Ząbkowicki - rural area (5)";1286;
0224042;"Stoszowice (2)";1804;
0224053;"Ząbkowice Śląskie (3)";8994;
0224054;"Ząbkowice Śląskie - urban area (4)";6603;
0224055;"Ząbkowice Śląskie - rural area (5)";2391;
0224063;"Ziębice (3)";6308;
0224064;"Ziębice - urban area (4)";3574;
0224065;"Ziębice - rural area (5)";2734;
0224073;"Złoty Stok (3)";1680;
0224074;"Złoty Stok - urban area (4)";1137;
0224075;"Złoty Stok - rural area (5)";543;
0225000;"Powiat zgorzelecki";35618;
0225011;"Zawidów (1)";1644;
0225021;"Zgorzelec (1)";13629;
0225033;"Bogatynia (3)";9306;
0225034;"Bogatynia - urban area (4)";7314;
0225035;"Bogatynia - rural area (5)";1992;
0225043;"Pieńsk (3)";3251;
0225044;"Pieńsk - urban area (4)";2263;
0225045;"Pieńsk - rural area (5)";988;
0225052;"Sulików (2)";1924;
0225063;"Węgliniec (3)";3067;
0225064;"Węgliniec - urban area (4)";1161;
0225065;"Węgliniec - rural area (5)";1906;
0225072;"Zgorzelec (2)";2797;
0226000;"Powiat złotoryjski";16082;
0226011;"Wojcieszów (1)";1462;
0226021;"Złotoryja (1)";6355;
0226032;"Pielgrzymka (2)";1431;
0226043;"Świerzawa (3)";2613;
0226044;"Świerzawa - urban area (4)";868;
0226045;"Świerzawa - rural area (5)";1745;
0226052;"Zagrodno (2)";1758;
0226062;"Złotoryja (2)";2463;
0261000;"City with powiat status Jelenia Góra";37268;
0261011;"Jelenia Góra (1)";37268;
0262000;"City with powiat status Legnica";44419;
0262011;"Legnica (1)";44419;
0264000;"City with powiat status Wrocław";369840;
0264011;"Wrocław (1)";369840;
0265000;"City with powiat status Wałbrzych since 2013";51066;
0265011;"Wałbrzych since 2013 (1)";51066;
0400000;"KUJAWSKO-POMORSKIE";783551;
0401000;"Powiat aleksandrowski";20484;
0401011;"Aleksandrów Kujawski (1)";4867;
0401021;"Ciechocinek (1)";5473;
0401031;"Nieszawa (1)";777;
0401042;"Aleksandrów Kujawski (2)";3706;
0401052;"Bądkowo (2)";1333;
0401062;"Koneck (2)";994;
0401072;"Raciążek (2)";994;
0401082;"Waganiec (2)";1377;
0401092;"Zakrzewo (2)";963;
0402000;"Powiat brodnicki";27710;
0402011;"Brodnica (1)";12212;
0402022;"Bobrowo (2)";1898;
0402032;"Brodnica (2)";2768;
0402042;"Brzozie (2)";1209;
0402053;"Górzno (3)";1290;
0402054;"Górzno - urban area (4)";554;
0402055;"Górzno - rural area (5)";736;
0402062;"Bartniczka (2)";1330;
0402073;"Jabłonowo Pomorskie (3)";2828;
0402074;"Jabłonowo Pomorskie - urban area (4)";1364;
0402075;"Jabłonowo Pomorskie - rural area (5)";1464;
0402082;"Osiek (2)";1090;
0402092;"Świedziebnia (2)";1323;
0402102;"Zbiczno (2)";1762;
0403000;"Powiat bydgoski";41507;
0403012;"Białe Błota (2)";7883;
0403022;"Dąbrowa Chełmińska (2)";2580;
0403032;"Dobrcz (2)";3882;
0403043;"Koronowo (3)";8023;
0403044;"Koronowo - urban area (4)";4041;
0403045;"Koronowo - rural area (5)";3982;
0403052;"Nowa Wieś Wielka (2)";3402;
0403062;"Osielsko (2)";6111;
0403072;"Sicienko (2)";3411;
0403083;"Solec Kujawski (3)";6215;
0403084;"Solec Kujawski - urban area (4)";5887;
0403085;"Solec Kujawski - rural area (5)";328;
0404000;"Powiat chełmiński";16722;
0404011;"Chełmno (1)";7429;
0404022;"Chełmno (2)";1674;
0404032;"Kijewo Królewskie (2)";1249;
0404042;"Lisewo (2)";1552;
0404052;"Papowo Biskupie (2)";1227;
0404062;"Stolno (2)";1457;
0404072;"Unisław (2)";2134;
0405000;"Powiat golubsko-dobrzyński";14671;
0405011;"Golub-Dobrzyń (1)";4640;
0405022;"Ciechocin (2)";1142;
0405032;"Golub-Dobrzyń (2)";2732;
0405043;"Kowalewo Pomorskie (3)";3743;
0405044;"Kowalewo Pomorskie - urban area (4)";1588;
0405045;"Kowalewo Pomorskie - rural area (5)";2155;
0405052;"Radomin (2)";1186;
0405062;"Zbójno (2)";1228;
0406000;"Powiat grudziądzki";12774;
0406012;"Grudziądz (2)";4307;
0406022;"Gruta (2)";1974;
0406033;"Łasin (3)";2596;
0406034;"Łasin - urban area (4)";1223;
0406035;"Łasin - rural area (5)";1373;
0406043;"Radzyń Chełmiński (3)";1462;
0406044;"Radzyń Chełmiński - urban area (4)";659;
0406045;"Radzyń Chełmiński - rural area (5)";803;
0406052;"Rogóźno (2)";1204;
0406062;"Świecie nad Osą (2)";1231;
0407000;"Powiat inowrocławski";59641;
0407011;"Inowrocław (1)";31327;
0407022;"Dąbrowa Biskupia (2)";1487;
0407033;"Gniewkowo (3)";4775;
0407034;"Gniewkowo - urban area (4)";2534;
0407035;"Gniewkowo - rural area (5)";2241;
0407042;"Inowrocław (2)";3698;
0407053;"Janikowo (3)";4383;
0407054;"Janikowo - urban area (4)";3173;
0407055;"Janikowo - rural area (5)";1210;
0407063;"Kruszwica (3)";6675;
0407064;"Kruszwica - urban area (4)";3768;
0407065;"Kruszwica - rural area (5)";2907;
0407073;"Pakość (3)";3115;
0407074;"Pakość - urban area (4)";1949;
0407075;"Pakość - rural area (5)";1166;
0407082;"Rojewo (2)";1365;
0407092;"Złotniki Kujawskie (2)";2816;
0408000;"Powiat lipnowski";20561;
0408011;"Lipno (1)";5689;
0408022;"Bobrowniki (2)";833;
0408032;"Chrostkowo (2)";805;
0408043;"Dobrzyń nad Wisłą (3)";2320;
0408044;"Dobrzyń nad Wisłą - urban area (4)";754;
0408045;"Dobrzyń nad Wisłą - rural area (5)";1566;
0408052;"Kikół (2)";1850;
0408062;"Lipno (2)";3278;
0408073;"Skępe (3)";2567;
0408074;"Skępe - urban area (4)";1347;
0408075;"Skępe - rural area (5)";1220;
0408082;"Tłuchowo (2)";1283;
0408092;"Wielgie (2)";1936;
0409000;"Powiat mogileński";15072;
0409012;"Dąbrowa (2)";1330;
0409022;"Jeziora Wielkie (2)";1490;
0409033;"Mogilno (3)";8293;
0409034;"Mogilno - urban area (4)";4440;
0409035;"Mogilno - rural area (5)";3853;
0409043;"Strzelno (3)";3959;
0409044;"Strzelno - urban area (4)";2173;
0409045;"Strzelno - rural area (5)";1786;
0410000;"Powiat nakielski";27707;
0410013;"Kcynia (3)";3905;
0410014;"Kcynia - urban area (4)";1555;
0410015;"Kcynia - rural area (5)";2350;
0410023;"Mrocza (3)";2692;
0410024;"Mrocza - urban area (4)";1308;
0410025;"Mrocza - rural area (5)";1384;
0410033;"Nakło nad Notecią (3)";11207;
0410034;"Nakło nad Notecią - urban area (4)";7089;
0410035;"Nakło nad Notecią - rural area (5)";4118;
0410042;"Sadki (2)";1928;
0410053;"Szubin (3)";7975;
0410054;"Szubin - urban area (4)";3411;
0410055;"Szubin - rural area (5)";4564;
0411000;"Powiat radziejowski";12422;
0411011;"Radziejów (1)";1937;
0411022;"Bytoń (2)";1030;
0411032;"Dobre (2)";1585;
0411042;"Osięciny (2)";2330;
0411053;"Piotrków Kujawski (3)";2820;
0411054;"Piotrków Kujawski - urban area (4)";1395;
0411055;"Piotrków Kujawski - rural area (5)";1425;
0411062;"Radziejów (2)";1309;
0411072;"Topólka (2)";1411;
0412000;"Powiat rypiński";14488;
0412011;"Rypin (1)";6385;
0412022;"Brzuze (2)";1667;
0412032;"Rogowo (2)";1535;
0412042;"Rypin (2)";2174;
0412052;"Skrwilno (2)";1667;
0412062;"Wąpielsk (2)";1060;
0413000;"Powiat sępoleński";12528;
0413013;"Kamień Krajeński (3)";2064;
0413014;"Kamień Krajeński - urban area (4)";804;
0413015;"Kamień Krajeński - rural area (5)";1260;
0413023;"Sępólno Krajeńskie (3)";5082;
0413024;"Sępólno Krajeńskie - urban area (4)";3148;
0413025;"Sępólno Krajeńskie - rural area (5)";1934;
0413032;"Sośno (2)";1373;
0413043;"Więcbork (3)";4009;
0413044;"Więcbork - urban area (4)";2028;
0413045;"Więcbork - rural area (5)";1981;
0414000;"Powiat świecki";33037;
0414012;"Bukowiec (2)";1490;
0414022;"Dragacz (2)";2156;
0414032;"Drzycim (2)";1536;
0414042;"Jeżewo (2)";2378;
0414052;"Lniano (2)";1281;
0414063;"Nowe (3)";3473;
0414064;"Nowe - urban area (4)";2237;
0414065;"Nowe - rural area (5)";1236;
0414072;"Osie (2)";1916;
0414082;"Pruszcz (2)";2627;
0414093;"Świecie (3)";13082;
0414094;"Świecie - urban area (4)";10328;
0414095;"Świecie - rural area (5)";2754;
0414102;"Świekatowo (2)";1067;
0414112;"Warlubie (2)";2031;
0415000;"Powiat toruński";35868;
0415011;"Chełmża (1)";5563;
0415022;"Chełmża (2)";2796;
0415032;"Czernikowo (2)";2688;
0415042;"Lubicz (2)";6781;
0415052;"Łubianka (2)";2176;
0415062;"Łysomice (2)";3282;
0415072;"Obrowo (2)";6267;
0415082;"Wielka Nieszawka (2)";1587;
0415092;"Zławieś Wielka (2)";4728;
0416000;"Powiat tucholski";15528;
0416012;"Cekcyn (2)";2177;
0416022;"Gostycyn (2)";1454;
0416032;"Kęsowo (2)";1223;
0416042;"Lubiewo (2)";1777;
0416052;"Śliwice (2)";1902;
0416063;"Tuchola (3)";6995;
0416064;"Tuchola - urban area (4)";4910;
0416065;"Tuchola - rural area (5)";2085;
0417000;"Powiat wąbrzeski";11589;
0417011;"Wąbrzeźno (1)";5427;
0417022;"Dębowa Łąka (2)";905;
0417032;"Książki (2)";1190;
0417042;"Płużnica (2)";1498;
0417052;"Ryńsk (2)";2569;
0418000;"Powiat włocławski";27372;
0418011;"Kowal (1)";1197;
0418022;"Baruchowo (2)";1084;
0418032;"Boniewo (2)";1057;
0418043;"Brześć Kujawski (3)";3975;
0418044;"Brześć Kujawski - urban area (4)";1778;
0418045;"Brześć Kujawski - rural area (5)";2197;
0418052;"Choceń (2)";2606;
0418063;"Chodecz (3)";1845;
0418064;"Chodecz - urban area (4)";789;
0418065;"Chodecz - rural area (5)";1056;
0418072;"Fabianki (2)";3199;
0418083;"Izbica Kujawska (3)";2295;
0418084;"Izbica Kujawska - urban area (4)";909;
0418085;"Izbica Kujawska - rural area (5)";1386;
0418092;"Kowal (2)";1227;
0418102;"Lubanie (2)";1288;
0418113;"Lubień Kujawski (3)";2238;
0418114;"Lubień Kujawski - urban area (4)";525;
0418115;"Lubień Kujawski - rural area (5)";1713;
0418123;"Lubraniec (3)";2981;
0418124;"Lubraniec - urban area (4)";1108;
0418125;"Lubraniec - rural area (5)";1873;
0418132;"Włocławek (2)";2380;
0419000;"Powiat żniński";23337;
0419013;"Barcin (3)";5030;
0419014;"Barcin - urban area (4)";2678;
0419015;"Barcin - rural area (5)";2352;
0419022;"Gąsawa (2)";1632;
0419033;"Janowiec Wielkopolski (3)";2822;
0419034;"Janowiec Wielkopolski - urban area (4)";1393;
0419035;"Janowiec Wielkopolski - rural area (5)";1429;
0419043;"Łabiszyn (3)";3427;
0419044;"Łabiszyn - urban area (4)";1621;
0419045;"Łabiszyn - rural area (5)";1806;
0419052;"Rogowo (2)";2193;
0419063;"Żnin (3)";8233;
0419064;"Żnin - urban area (4)";5217;
0419065;"Żnin - rural area (5)";3016;
0461000;"City with powiat status Bydgoszcz";156157;
0461011;"Bydgoszcz (1)";156157;
0462000;"City with powiat status Grudziądz";40629;
0462011;"Grudziądz (1)";40629;
0463000;"City with powiat status Toruń";96681;
0463011;"Toruń (1)";96681;
0464000;"City with powiat status Włocławek";47066;
0464011;"Włocławek (1)";47066;
0600000;"LUBELSKIE";792244;
0601000;"Powiat bialski";39282;
0601011;"Międzyrzec Podlaski (1)";6523;
0601021;"Terespol (1)";2193;
0601032;"Biała Podlaska (2)";4834;
0601042;"Drelów (2)";1715;
0601052;"Janów Podlaski (2)";1935;
0601062;"Kodeń (2)";1486;
0601072;"Konstantynów (2)";1306;
0601082;"Leśna Podlaska (2)";1376;
0601092;"Łomazy (2)";1764;
0601102;"Międzyrzec Podlaski (2)";3076;
0601112;"Piszczac (2)";2357;
0601122;"Rokitno (2)";1131;
0601132;"Rossosz (2)";757;
0601142;"Sławatycze (2)";985;
0601152;"Sosnówka (2)";856;
0601162;"Terespol (2)";2516;
0601172;"Tuczna (2)";1292;
0601182;"Wisznice (2)";1673;
0601192;"Zalesie (2)";1507;
0602000;"Powiat biłgorajski";32300;
0602011;"Biłgoraj (1)";9652;
0602022;"Aleksandrów (2)";812;
0602032;"Biłgoraj (2)";3855;
0602042;"Biszcza (2)";1118;
0602053;"Frampol (3)";2137;
0602054;"Frampol - urban area (4)";532;
0602055;"Frampol - rural area (5)";1605;
0602063;"Goraj (3)";1278;
0602064;"Goraj - urban area (4)";326;
0602065;"Goraj - rural area (5)";952;
0602073;"Józefów (3)";2397;
0602074;"Józefów - urban area (4)";892;
0602075;"Józefów - rural area (5)";1505;
0602082;"Księżpol (2)";1912;
0602092;"Łukowa (2)";1166;
0602102;"Obsza (2)";1087;
0602112;"Potok Górny (2)";1468;
0602123;"Tarnogród (3)";1918;
0602124;"Tarnogród - urban area (4)";1052;
0602125;"Tarnogród - rural area (5)";866;
0602132;"Tereszpol (2)";1271;
0602142;"Turobin (2)";2229;
0603000;"Powiat chełmski";27744;
0603011;"Rejowiec Fabryczny (1)";1599;
0603022;"Białopole (2)";997;
0603032;"Chełm (2)";5069;
0603042;"Dorohusk (2)";2302;
0603052;"Dubienka (2)";1035;
0603062;"Kamień (2)";1381;
0603072;"Leśniowice (2)";1313;
0603082;"Rejowiec Fabryczny (2)";1526;
0603092;"Ruda-Huta (2)";1614;
0603102;"Sawin (2)";1944;
0603113;"Siedliszcze (3)";2343;
0603114;"Siedliszcze - urban area (4)";497;
0603115;"Siedliszcze - rural area (5)";1846;
0603122;"Wierzbica (2)";1679;
0603132;"Wojsławice (2)";1414;
0603142;"Żmudź (2)";1045;
0603153;"Rejowiec (3)";2483;
0603154;"Rejowiec - urban area (4)";842;
0603155;"Rejowiec - rural area (5)";1641;
0604000;"Powiat hrubieszowski";22501;
0604011;"Hrubieszów (1)";6733;
0604022;"Dołhobyczów (2)";1971;
0604032;"Horodło (2)";2035;
0604042;"Hrubieszów (2)";3259;
0604052;"Mircze (2)";2323;
0604062;"Trzeszczany (2)";1438;
0604072;"Uchanie (2)";1594;
0604082;"Werbkowice (2)";3148;
0605000;"Powiat janowski";13424;
0605012;"Batorz (2)";909;
0605022;"Chrzanów (2)";794;
0605032;"Dzwola (2)";1673;
0605042;"Godziszów (2)";1422;
0605053;"Janów Lubelski (3)";5227;
0605054;"Janów Lubelski - urban area (4)";4025;
0605055;"Janów Lubelski - rural area (5)";1202;
0605063;"Modliborzyce (3)";2051;
0605064;"Modliborzyce - urban area (4)";456;
0605065;"Modliborzyce - rural area (5)";1595;
0605072;"Potok Wielki (2)";1348;
0606000;"Powiat krasnostawski";23835;
0606011;"Krasnystaw (1)";7209;
0606022;"Fajsławice (2)";1625;
0606032;"Gorzków (2)";1426;
0606042;"Izbica (2)";2766;
0606052;"Krasnystaw (2)";2862;
0606062;"Kraśniczyn (2)";1570;
0606072;"Łopiennik Górny (2)";1631;
0606092;"Rudnik (2)";1162;
0606102;"Siennica Różana (2)";1515;
0606112;"Żółkiewka (2)";2069;
0607000;"Powiat kraśnicki";31813;
0607011;"Kraśnik (1)";13115;
0607023;"Annopol (3)";3122;
0607024;"Annopol - urban area (4)";881;
0607025;"Annopol - rural area (5)";2241;
0607032;"Dzierzkowice (2)";1652;
0607042;"Gościeradów (2)";2063;
0607052;"Kraśnik (2)";2179;
0607062;"Szastarka (2)";1690;
0607072;"Trzydnik Duży (2)";1962;
0607083;"Urzędów (3)";2344;
0607084;"Urzędów - urban area (4)";543;
0607085;"Urzędów - rural area (5)";1801;
0607092;"Wilkołaz (2)";1639;
0607102;"Zakrzówek (2)";2047;
0608000;"Powiat lubartowski";31161;
0608011;"Lubartów (1)";8216;
0608022;"Abramów (2)";1246;
0608032;"Firlej (2)";2109;
0608042;"Jeziorzany (2)";1083;
0608053;"Kamionka (3)";2357;
0608054;"Kamionka - urban area (4)";613;
0608055;"Kamionka - rural area (5)";1744;
0608063;"Kock (3)";2105;
0608064;"Kock - urban area (4)";1122;
0608065;"Kock - rural area (5)";983;
0608072;"Lubartów (2)";3736;
0608082;"Michów (2)";2168;
0608092;"Niedźwiada (2)";2046;
0608103;"Ostrów Lubelski (3)";1930;
0608104;"Ostrów Lubelski - urban area (4)";774;
0608105;"Ostrów Lubelski - rural area (5)";1156;
0608112;"Ostrówek (2)";1302;
0608122;"Serniki (2)";1517;
0608132;"Uścimów (2)";1346;
0609000;"Powiat lubelski";54100;
0609013;"Bełżyce (3)";4315;
0609014;"Bełżyce - urban area (4)";2261;
0609015;"Bełżyce - rural area (5)";2054;
0609022;"Borzechów (2)";1115;
0609033;"Bychawa (3)";3802;
0609034;"Bychawa - urban area (4)";1674;
0609035;"Bychawa - rural area (5)";2128;
0609042;"Garbów (2)";2801;
0609052;"Głusk (2)";4512;
0609062;"Jabłonna (2)";2819;
0609072;"Jastków (2)";4933;
0609082;"Konopnica (2)";5262;
0609092;"Krzczonów (2)";1765;
0609102;"Niedrzwica Duża (2)";3639;
0609112;"Niemce (2)";6745;
0609122;"Strzyżewice (2)";2677;
0609132;"Wojciechów (2)";2105;
0609142;"Wólka (2)";4857;
0609152;"Wysokie (2)";1686;
0609162;"Zakrzew (2)";1067;
0610000;"Powiat łęczyński";19573;
0610012;"Cyców (2)";2476;
0610022;"Ludwin (2)";1736;
0610033;"Łęczna (3)";8373;
0610034;"Łęczna - urban area (4)";6880;
0610035;"Łęczna - rural area (5)";1493;
0610042;"Milejów (2)";3168;
0610052;"Puchaczów (2)";1875;
0610062;"Spiczyn (2)";1945;
0611000;"Powiat łukowski";34858;
0611011;"Łuków (1)";11191;
0611021;"Stoczek Łukowski (1)";1016;
0611032;"Adamów (2)";1778;
0611042;"Krzywda (2)";3072;
0611052;"Łuków (2)";5440;
0611062;"Serokomla (2)";1345;
0611072;"Stanin (2)";2628;
0611082;"Stoczek Łukowski (2)";2509;
0611092;"Trzebieszów (2)";2184;
0611102;"Wojcieszków (2)";2230;
0611112;"Wola Mysłowska (2)";1465;
0612000;"Powiat opolski";20706;
0612012;"Chodel (2)";2184;
0612023;"Józefów nad Wisłą (3)";2419;
0612024;"Józefów nad Wisłą - urban area (4)";366;
0612025;"Józefów nad Wisłą - rural area (5)";2053;
0612032;"Karczmiska (2)";1934;
0612042;"Łaziska (2)";1732;
0612053;"Opole Lubelskie (3)";5991;
0612054;"Opole Lubelskie - urban area (4)";3141;
0612055;"Opole Lubelskie - rural area (5)";2850;
0612063;"Poniatowa (3)";4949;
0612064;"Poniatowa - urban area (4)";3470;
0612065;"Poniatowa - rural area (5)";1479;
0612072;"Wilków (2)";1497;
0613000;"Powiat parczewski";12885;
0613012;"Dębowa Kłoda (2)";1479;
0613022;"Jabłoń (2)";1253;
0613032;"Milanów (2)";1268;
0613043;"Parczew (3)";5575;
0613044;"Parczew - urban area (4)";4250;
0613045;"Parczew - rural area (5)";1325;
0613052;"Podedwórze (2)";695;
0613062;"Siemień (2)";1584;
0613072;"Sosnowica (2)";1031;
0614000;"Powiat puławski";43937;
0614011;"Puławy (1)";20864;
0614022;"Baranów (2)";1366;
0614032;"Janowiec (2)";1297;
0614043;"Kazimierz Dolny (3)";2712;
0614044;"Kazimierz Dolny - urban area (4)";1581;
0614045;"Kazimierz Dolny - rural area (5)";1131;
0614052;"Końskowola (2)";2858;
0614062;"Kurów (2)";2443;
0614072;"Markuszów (2)";966;
0614083;"Nałęczów (3)";3555;
0614084;"Nałęczów - urban area (4)";1837;
0614085;"Nałęczów - rural area (5)";1718;
0614092;"Puławy (2)";4292;
0614102;"Wąwolnica (2)";1539;
0614112;"Żyrzyn (2)";2045;
0615000;"Powiat radzyński";19807;
0615011;"Radzyń Podlaski (1)";6056;
0615022;"Borki (2)";1719;
0615032;"Czemierniki (2)";1491;
0615042;"Kąkolewnica (2)";2382;
0615052;"Komarówka Podlaska (2)";1517;
0615062;"Radzyń Podlaski (2)";2550;
0615072;"Ulan-Majorat (2)";1702;
0615082;"Wohyń (2)";2390;
0616000;"Powiat rycki";19866;
0616011;"Dęblin (1)";6523;
0616022;"Kłoczew (2)";2023;
0616032;"Nowodwór (2)";1169;
0616043;"Ryki (3)";6984;
0616044;"Ryki - urban area (4)";3719;
0616045;"Ryki - rural area (5)";3265;
0616052;"Stężyca (2)";1969;
0616062;"Ułęż (2)";1198;
0617000;"Powiat świdnicki";27761;
0617011;"Świdnik (1)";16265;
0617022;"Mełgiew (2)";3435;
0617033;"Piaski (3)";3760;
0617034;"Piaski - urban area (4)";982;
0617035;"Piaski - rural area (5)";2778;
0617042;"Rybczewice (2)";1322;
0617052;"Trawniki (2)";2979;
0618000;"Powiat tomaszowski";27926;
0618011;"Tomaszów Lubelski (1)";7043;
0618022;"Bełżec (2)";943;
0618032;"Jarczów (2)";1178;
0618042;"Krynice (2)";1091;
0618053;"Lubycza Królewska (3)";2063;
0618054;"Lubycza Królewska - urban area (4)";725;
0618055;"Lubycza Królewska - rural area (5)";1338;
0618063;"Łaszczów (3)";2045;
0618064;"Łaszczów - urban area (4)";703;
0618065;"Łaszczów - rural area (5)";1342;
0618072;"Rachanie (2)";1757;
0618082;"Susiec (2)";2464;
0618092;"Tarnawatka (2)";1223;
0618102;"Telatyn (2)";1229;
0618112;"Tomaszów Lubelski (2)";3534;
0618123;"Tyszowce (3)";1805;
0618124;"Tyszowce - urban area (4)";628;
0618125;"Tyszowce - rural area (5)";1177;
0618132;"Ulhówek (2)";1551;
0619000;"Powiat włodawski";14229;
0619011;"Włodawa (1)";4972;
0619022;"Hanna (2)";995;
0619032;"Hańsk (2)";1240;
0619042;"Stary Brus (2)";815;
0619052;"Urszulin (2)";1608;
0619062;"Włodawa (2)";2102;
0619072;"Wola Uhruska (2)";1545;
0619082;"Wyryki (2)";952;
0620000;"Powiat zamojski";36178;
0620012;"Adamów (2)";1603;
0620022;"Grabowiec (2)";1415;
0620032;"Komarów-Osada (2)";1649;
0620043;"Krasnobród (3)";2393;
0620044;"Krasnobród - urban area (4)";1012;
0620045;"Krasnobród - rural area (5)";1381;
0620052;"Łabunie (2)";1827;
0620062;"Miączyn (2)";1733;
0620072;"Nielisz (2)";1833;
0620082;"Radecznica (2)";2119;
0620092;"Sitno (2)";1998;
0620102;"Skierbieszów (2)";1774;
0620112;"Stary Zamość (2)";1842;
0620122;"Sułów (2)";1780;
0620133;"Szczebrzeszyn (3)";4026;
0620134;"Szczebrzeszyn - urban area (4)";1883;
0620135;"Szczebrzeszyn - rural area (5)";2143;
0620142;"Zamość (2)";7640;
0620153;"Zwierzyniec (3)";2546;
0620154;"Zwierzyniec - urban area (4)";1242;
0620155;"Zwierzyniec - rural area (5)";1304;
0661000;"City with powiat status Biała Podlaska";24224;
0661011;"Biała Podlaska (1)";24224;
0662000;"City with powiat status Chełm";25860;
0662011;"Chełm (1)";25860;
0663000;"City with powiat status Lublin";163293;
0663011;"Lublin (1)";163293;
0664000;"City with powiat status Zamość";24981;
0664011;"Zamość (1)";24981;
0800000;"LUBUSKIE";394927;
0801000;"Powiat gorzowski";25026;
0801011;"Kostrzyn nad Odrą (1)";7365;
0801022;"Bogdaniec (2)";2139;
0801032;"Deszczno (2)";3309;
0801042;"Kłodawa (2)";3097;
0801052;"Lubiszyn (2)";2189;
0801062;"Santok (2)";2892;
0801073;"Witnica (3)";4035;
0801074;"Witnica - urban area (4)";2241;
0801075;"Witnica - rural area (5)";1794;
0802000;"Powiat krośnieński";20180;
0802011;"Gubin (1)";6525;
0802022;"Bobrowice (2)";1149;
0802032;"Bytnica (2)";926;
0802042;"Dąbie (2)";1552;
0802052;"Gubin (2)";2216;
0802063;"Krosno Odrzańskie (3)";6873;
0802064;"Krosno Odrzańskie - urban area (4)";4773;
0802065;"Krosno Odrzańskie - rural area (5)";2100;
0802072;"Maszewo (2)";939;
0803000;"Powiat międzyrzecki";21348;
0803012;"Bledzew (2)";1377;
0803023;"Międzyrzecz (3)";10000;
0803024;"Międzyrzecz - urban area (4)";7467;
0803025;"Międzyrzecz - rural area (5)";2533;
0803032;"Przytoczna (2)";1830;
0803042;"Pszczew (2)";1409;
0803053;"Skwierzyna (3)";4615;
0803054;"Skwierzyna - urban area (4)";3680;
0803055;"Skwierzyna - rural area (5)";935;
0803063;"Trzciel (3)";2117;
0803064;"Trzciel - urban area (4)";844;
0803065;"Trzciel - rural area (5)";1273;
0804000;"Powiat nowosolski";32488;
0804011;"Nowa Sól (1)";16533;
0804023;"Bytom Odrzański (3)";1849;
0804024;"Bytom Odrzański - urban area (4)";1481;
0804025;"Bytom Odrzański - rural area (5)";368;
0804032;"Kolsko (2)";1090;
0804043;"Kożuchów (3)";5809;
0804044;"Kożuchów - urban area (4)";3697;
0804045;"Kożuchów - rural area (5)";2112;
0804052;"Nowa Sól (2)";2204;
0804063;"Nowe Miasteczko (3)";1776;
0804064;"Nowe Miasteczko - urban area (4)";1019;
0804065;"Nowe Miasteczko - rural area (5)";757;
0804073;"Otyń (3)";2266;
0804074;"Otyń - urban area (4)";616;
0804075;"Otyń - rural area (5)";1650;
0804082;"Siedlisko (2)";961;
0805000;"Powiat słubicki";18050;
0805013;"Cybinka (3)";2131;
0805014;"Cybinka - urban area (4)";974;
0805015;"Cybinka - rural area (5)";1157;
0805022;"Górzyca (2)";1347;
0805033;"Ośno Lubuskie (3)";2310;
0805034;"Ośno Lubuskie - urban area (4)";1493;
0805035;"Ośno Lubuskie - rural area (5)";817;
0805043;"Rzepin (3)";3601;
0805044;"Rzepin - urban area (4)";2555;
0805045;"Rzepin - rural area (5)";1046;
0805053;"Słubice (3)";8661;
0805054;"Słubice - urban area (4)";7392;
0805055;"Słubice - rural area (5)";1269;
0806000;"Powiat strzelecko-drezdenecki";17434;
0806013;"Dobiegniew (3)";2415;
0806014;"Dobiegniew - urban area (4)";1170;
0806015;"Dobiegniew - rural area (5)";1245;
0806023;"Drezdenko (3)";6201;
0806024;"Drezdenko - urban area (4)";3888;
0806025;"Drezdenko - rural area (5)";2313;
0806032;"Stare Kurowo (2)";1197;
0806043;"Strzelce Krajeńskie (3)";6301;
0806044;"Strzelce Krajeńskie - urban area (4)";3968;
0806045;"Strzelce Krajeńskie - rural area (5)";2333;
0806052;"Zwierzyn (2)";1320;
0807000;"Powiat sulęciński";12943;
0807012;"Krzeszyce (2)";1677;
0807023;"Lubniewice (3)";1230;
0807024;"Lubniewice - urban area (4)";878;
0807025;"Lubniewice - rural area (5)";352;
0807032;"Słońsk (2)";1570;
0807043;"Sulęcin (3)";5976;
0807044;"Sulęcin - urban area (4)";4011;
0807045;"Sulęcin - rural area (5)";1965;
0807053;"Torzym (3)";2490;
0807054;"Torzym - urban area (4)";985;
0807055;"Torzym - rural area (5)";1505;
0808000;"Powiat świebodziński";20773;
0808012;"Lubrza (2)";1248;
0808022;"Łagów (2)";1885;
0808032;"Skąpe (2)";1755;
0808042;"Szczaniec (2)";1154;
0808053;"Świebodzin (3)";11840;
0808054;"Świebodzin - urban area (4)";9356;
0808055;"Świebodzin - rural area (5)";2484;
0808063;"Zbąszynek (3)";2891;
0808064;"Zbąszynek - urban area (4)";1911;
0808065;"Zbąszynek - rural area (5)";980;
0809000;"Powiat zielonogórski";26678;
0809013;"Babimost (3)";2126;
0809014;"Babimost - urban area (4)";1457;
0809015;"Babimost - rural area (5)";669;
0809022;"Bojadła (2)";951;
0809033;"Czerwieńsk (3)";3391;
0809034;"Czerwieńsk - urban area (4)";1409;
0809035;"Czerwieńsk - rural area (5)";1982;
0809043;"Kargowa (3)";1951;
0809044;"Kargowa - urban area (4)";1306;
0809045;"Kargowa - rural area (5)";645;
0809053;"Nowogród Bobrzański (3)";3061;
0809054;"Nowogród Bobrzański - urban area (4)";1759;
0809055;"Nowogród Bobrzański - rural area (5)";1302;
0809063;"Sulechów (3)";10369;
0809064;"Sulechów - urban area (4)";6830;
0809065;"Sulechów - rural area (5)";3539;
0809072;"Świdnica (2)";2249;
0809082;"Trzebiechów (2)";970;
0809092;"Zabór (2)";1610;
0810000;"Powiat żagański";30035;
0810011;"Gozdnica (1)";1227;
0810021;"Żagań (1)";10660;
0810032;"Brzeźnica (2)";1078;
0810043;"Iłowa (3)";2577;
0810044;"Iłowa - urban area (4)";1518;
0810045;"Iłowa - rural area (5)";1059;
0810053;"Małomice (3)";1787;
0810054;"Małomice - urban area (4)";1253;
0810055;"Małomice - rural area (5)";534;
0810062;"Niegosławice (2)";1397;
0810073;"Szprotawa (3)";7920;
0810074;"Szprotawa - urban area (4)";4783;
0810075;"Szprotawa - rural area (5)";3137;
0810082;"Wymiarki (2)";860;
0810092;"Żagań (2)";2529;
0811000;"Powiat żarski";35548;
0811011;"Łęknica (1)";934;
0811021;"Żary (1)";15606;
0811032;"Brody (2)";1093;
0811043;"Jasień (3)";2523;
0811044;"Jasień - urban area (4)";1651;
0811045;"Jasień - rural area (5)";872;
0811052;"Lipinki Łużyckie (2)";1066;
0811063;"Lubsko (3)";6739;
0811064;"Lubsko - urban area (4)";5325;
0811065;"Lubsko - rural area (5)";1414;
0811072;"Przewóz (2)";981;
0811082;"Trzebiel (2)";1886;
0811092;"Tuplice (2)";1076;
0811102;"Żary (2)";3644;
0812000;"Powiat wschowski";13241;
0812013;"Sława (3)";4140;
0812014;"Sława - urban area (4)";1506;
0812015;"Sława - rural area (5)";2634;
0812023;"Szlichtyngowa (3)";1568;
0812024;"Szlichtyngowa - urban area (4)";432;
0812025;"Szlichtyngowa - rural area (5)";1136;
0812033;"Wschowa (3)";7533;
0812034;"Wschowa - urban area (4)";5346;
0812035;"Wschowa - rural area (5)";2187;
0861000;"City with powiat status Gorzów Wielkopolski";55995;
0861011;"Gorzów Wielkopolski (1)";55995;
0862000;"City with powiat status Zielona Góra";65188;
0862011;"Zielona Góra (1)";65188;
1000000;"ŁÓDZKIE";1048661;
1001000;"Powiat bełchatowski";41964;
1001011;"Bełchatów (1)";21714;
1001022;"Bełchatów (2)";4344;
1001032;"Drużbice (2)";1940;
1001042;"Kleszczów (2)";1932;
1001052;"Kluki (2)";1622;
1001062;"Rusiec (2)";1746;
1001072;"Szczerców (2)";2912;
1001083;"Zelów (3)";5754;
1001084;"Zelów - urban area (4)";2979;
1001085;"Zelów - rural area (5)";2775;
1002000;"Powiat kutnowski";38789;
1002011;"Kutno (1)";19726;
1002022;"Bedlno (2)";1762;
1002032;"Dąbrowice (2)";612;
1002043;"Krośniewice (3)";3041;
1002044;"Krośniewice - urban area (4)";1715;
1002045;"Krośniewice - rural area (5)";1326;
1002052;"Krzyżanów (2)";1425;
1002062;"Kutno (2)";3060;
1002072;"Łanięta (2)";796;
1002082;"Nowe Ostrowy (2)";1307;
1002092;"Oporów (2)";796;
1002102;"Strzelce (2)";1264;
1002113;"Żychlin (3)";5000;
1002114;"Żychlin - urban area (4)";3658;
1002115;"Żychlin - rural area (5)";1342;
1003000;"Powiat łaski";20004;
1003012;"Buczek (2)";1864;
1003023;"Łask (3)";11585;
1003024;"Łask - urban area (4)";7637;
1003025;"Łask - rural area (5)";3948;
1003032;"Sędziejowice (2)";2327;
1003042;"Widawa (2)";2747;
1003052;"Wodzierady (2)";1481;
1004000;"Powiat łęczycki";16973;
1004011;"Łęczyca (1)";6089;
1004022;"Daszyna (2)";1214;
1004032;"Góra Świętej Małgorzaty (2)";1256;
1004042;"Grabów (2)";1888;
1004052;"Łęczyca (2)";2428;
1004063;"Piątek (3)";1923;
1004064;"Piątek - urban area (4)";687;
1004065;"Piątek - rural area (5)";1236;
1004072;"Świnice Warckie (2)";1213;
1004082;"Witonia (2)";962;
1005000;"Powiat łowicki";27744;
1005011;"Łowicz (1)";11667;
1005022;"Bielawy (2)";1990;
1005032;"Chąśno (2)";841;
1005042;"Domaniewice (2)";1406;
1005052;"Kiernozia (2)";1168;
1005062;"Kocierzew Południowy (2)";1190;
1005072;"Łowicz (2)";2474;
1005082;"Łyszkowice (2)";2091;
1005092;"Nieborów (2)";3086;
1005102;"Zduny (2)";1831;
1006000;"Powiat łódzki wschodni";26490;
1006022;"Andrespol (2)";4866;
1006032;"Brójce (2)";2422;
1006073;"Koluszki (3)";8482;
1006074;"Koluszki - urban area (4)";4762;
1006075;"Koluszki - rural area (5)";3720;
1006082;"Nowosolna (2)";1900;
1006103;"Rzgów (3)";3972;
1006104;"Rzgów - urban area (4)";1323;
1006105;"Rzgów - rural area (5)";2649;
1006113;"Tuszyn (3)";4848;
1006114;"Tuszyn - urban area (4)";2888;
1006115;"Tuszyn - rural area (5)";1960;
1007000;"Powiat opoczyński";26430;
1007012;"Białaczów (2)";2153;
1007023;"Drzewica (3)";3446;
1007024;"Drzewica - urban area (4)";1403;
1007025;"Drzewica - rural area (5)";2043;
1007032;"Mniszków (2)";1723;
1007043;"Opoczno (3)";11893;
1007044;"Opoczno - urban area (4)";8034;
1007045;"Opoczno - rural area (5)";3859;
1007052;"Paradyż (2)";1371;
1007062;"Poświętne (2)";1102;
1007072;"Sławno (2)";2405;
1007082;"Żarnów (2)";2337;
1008000;"Powiat pabianicki";53631;
1008011;"Konstantynów Łódzki (1)";7879;
1008021;"Pabianice (1)";31863;
1008032;"Dłutów (2)";1997;
1008042;"Dobroń (2)";2723;
1008052;"Ksawerów (2)";2733;
1008062;"Lutomiersk (2)";3539;
1008072;"Pabianice (2)";2897;
1009000;"Powiat pajęczański";17259;
1009013;"Działoszyn (3)";4066;
1009014;"Działoszyn - urban area (4)";2120;
1009015;"Działoszyn - rural area (5)";1946;
1009022;"Kiełczygłów (2)";1259;
1009032;"Nowa Brzeźnica (2)";1721;
1009043;"Pajęczno (3)";4000;
1009044;"Pajęczno - urban area (4)";2484;
1009045;"Pajęczno - rural area (5)";1516;
1009052;"Rząśnia (2)";1570;
1009062;"Siemkowice (2)";1481;
1009072;"Strzelce Wielkie (2)";1560;
1009082;"Sulmierzyce (2)";1602;
1010000;"Powiat piotrkowski";31525;
1010012;"Aleksandrów (2)";1883;
1010022;"Czarnocin (2)";1322;
1010032;"Gorzkowice (2)";3072;
1010042;"Grabica (2)";1969;
1010052;"Łęki Szlacheckie (2)";1262;
1010062;"Moszczenica (2)";4337;
1010072;"Ręczno (2)";1210;
1010082;"Rozprza (2)";3918;
1010093;"Sulejów (3)";5791;
1010094;"Sulejów - urban area (4)";2173;
1010095;"Sulejów - rural area (5)";3618;
1010102;"Wola Krzysztoporska (2)";3922;
1010113;"Wolbórz (3)";2839;
1010114;"Wolbórz - urban area (4)";808;
1010115;"Wolbórz - rural area (5)";2031;
1011000;"Powiat poddębicki";16117;
1011012;"Dalików (2)";1532;
1011022;"Pęczniew (2)";1562;
1011033;"Poddębice (3)";6031;
1011034;"Poddębice - urban area (4)";3126;
1011035;"Poddębice - rural area (5)";2905;
1011043;"Uniejów (3)";3110;
1011044;"Uniejów - urban area (4)";1608;
1011045;"Uniejów - rural area (5)";1502;
1011052;"Wartkowice (2)";2029;
1011062;"Zadzim (2)";1853;
1012000;"Powiat radomszczański";44184;
1012011;"Radomsko (1)";19794;
1012022;"Dobryszyce (2)";1553;
1012032;"Gidle (2)";2433;
1012042;"Gomunice (2)";2293;
1012053;"Kamieńsk (3)";2251;
1012054;"Kamieńsk - urban area (4)";1088;
1012055;"Kamieńsk - rural area (5)";1163;
1012062;"Kobiele Wielkie (2)";1434;
1012072;"Kodrąb (2)";1534;
1012082;"Lgota Wielka (2)";1349;
1012092;"Ładzice (2)";1568;
1012102;"Masłowice (2)";1476;
1012113;"Przedbórz (3)";2833;
1012114;"Przedbórz - urban area (4)";1480;
1012115;"Przedbórz - rural area (5)";1353;
1012122;"Radomsko (2)";1872;
1012132;"Wielgomłyny (2)";1635;
1012142;"Żytno (2)";2159;
1013000;"Powiat rawski";16971;
1013011;"Rawa Mazowiecka (1)";6657;
1013023;"Biała Rawska (3)";3869;
1013024;"Biała Rawska - urban area (4)";1209;
1013025;"Biała Rawska - rural area (5)";2660;
1013032;"Cielądz (2)";1325;
1013042;"Rawa Mazowiecka (2)";2822;
1013052;"Regnów (2)";601;
1013062;"Sadkowice (2)";1697;
1014000;"Powiat sieradzki";40550;
1014011;"Sieradz (1)";16727;
1014023;"Błaszki (3)";4498;
1014024;"Błaszki - urban area (4)";861;
1014025;"Błaszki - rural area (5)";3637;
1014032;"Brąszewice (2)";1210;
1014042;"Brzeźnio (2)";1976;
1014052;"Burzenin (2)";1916;
1014062;"Goszczanów (2)";1569;
1014072;"Klonowa (2)";873;
1014082;"Sieradz (2)";3438;
1014093;"Warta (3)";4144;
1014094;"Warta - urban area (4)";1238;
1014095;"Warta - rural area (5)";2906;
1014102;"Wróblew (2)";1905;
1014113;"Złoczew (3)";2294;
1014114;"Złoczew - urban area (4)";1249;
1014115;"Złoczew - rural area (5)";1045;
1015000;"Powiat skierniewicki";12711;
1015012;"Bolimów (2)";1402;
1015022;"Głuchów (2)";1672;
1015032;"Godzianów (2)";745;
1015042;"Kowiesy (2)";1186;
1015052;"Lipce Reymontowskie (2)";1057;
1015062;"Maków (2)";1815;
1015072;"Nowy Kawęczyn (2)";1359;
1015082;"Skierniewice (2)";2704;
1015092;"Słupia (2)";771;
1016000;"Powiat tomaszowski";46459;
1016011;"Tomaszów Mazowiecki (1)";27292;
1016022;"Będków (2)";1057;
1016032;"Budziszewice (2)";771;
1016042;"Czerniewice (2)";1608;
1016052;"Inowłódz (2)";1715;
1016062;"Lubochnia (2)";2453;
1016072;"Rokiciny (2)";2134;
1016082;"Rzeczyca (2)";1470;
1016092;"Tomaszów Mazowiecki (2)";3883;
1016102;"Ujazd (2)";2802;
1016112;"Żelechlinek (2)";1274;
1017000;"Powiat wieluński";26491;
1017012;"Biała (2)";1520;
1017022;"Czarnożyły (2)";1399;
1017032;"Konopnica (2)";1467;
1017042;"Mokrsko (2)";1661;
1017052;"Osjaków (2)";1607;
1017062;"Ostrówek (2)";1455;
1017072;"Pątnów (2)";1863;
1017082;"Skomlin (2)";970;
1017093;"Wieluń (3)";12501;
1017094;"Wieluń - urban area (4)";9603;
1017095;"Wieluń - rural area (5)";2898;
1017102;"Wierzchlas (2)";2048;
1018000;"Powiat wieruszowski";14086;
1018012;"Bolesławiec (2)";1333;
1018022;"Czastary (2)";1267;
1018032;"Galewice (2)";1940;
1018043;"Lututów (3)";1491;
1018044;"Lututów - urban area (4)";774;
1018045;"Lututów - rural area (5)";717;
1018052;"Łubnice (2)";1086;
1018062;"Sokolniki (2)";1652;
1018073;"Wieruszów (3)";5317;
1018074;"Wieruszów - urban area (4)";3556;
1018075;"Wieruszów - rural area (5)";1761;
1019000;"Powiat zduńskowolski";25417;
1019011;"Zduńska Wola (1)";16904;
1019023;"Szadek (3)";2500;
1019024;"Szadek - urban area (4)";770;
1019025;"Szadek - rural area (5)";1730;
1019032;"Zapolice (2)";1830;
1019042;"Zduńska Wola (2)";4183;
1020000;"Powiat zgierski";70135;
1020011;"Głowno (1)";5608;
1020021;"Ozorków (1)";8117;
1020031;"Zgierz (1)";24439;
1020043;"Aleksandrów Łódzki (3)";13900;
1020044;"Aleksandrów Łódzki - urban area (4)";9452;
1020045;"Aleksandrów Łódzki - rural area (5)";4448;
1020052;"Głowno (2)";1505;
1020062;"Ozorków (2)";2552;
1020072;"Parzęczew (2)";2267;
1020083;"Stryków (3)";5062;
1020084;"Stryków - urban area (4)";1485;
1020085;"Stryków - rural area (5)";3577;
1020092;"Zgierz (2)";6685;
1021000;"Powiat brzeziński";11899;
1021011;"Brzeziny (1)";5069;
1021022;"Brzeziny (2)";2139;
1021032;"Dmosin (2)";1706;
1021042;"Jeżów (2)";1275;
1021052;"Rogów (2)";1710;
1061000;"City with powiat status Łódź";370558;
1061011;"Łódź (1)";370558;
1062000;"City with powiat status Piotrków Trybunalski";31850;
1062011;"Piotrków Trybunalski (1)";31850;
1063000;"City with powiat status Skierniewice";20424;
1063011;"Skierniewice (1)";20424;
1200000;"MAŁOPOLSKIE";1299582;
1201000;"Powiat bocheński";33945;
1201011;"Bochnia (1)";11243;
1201022;"Bochnia (2)";6004;
1201032;"Drwinia (2)";1821;
1201042;"Lipnica Murowana (2)";1638;
1201052;"Łapanów (2)";2673;
1201063;"Nowy Wiśnicz (3)";4116;
1201064;"Nowy Wiśnicz - urban area (4)";838;
1201065;"Nowy Wiśnicz - rural area (5)";3278;
1201072;"Rzezawa (2)";3326;
1201082;"Trzciana (2)";1573;
1201092;"Żegocina (2)";1551;
1202000;"Powiat brzeski";28832;
1202012;"Borzęcin (2)";2502;
1202023;"Brzesko (3)";12035;
1202024;"Brzesko - urban area (4)";6128;
1202025;"Brzesko - rural area (5)";5907;
1202033;"Czchów (3)";3002;
1202034;"Czchów - urban area (4)";774;
1202035;"Czchów - rural area (5)";2228;
1202042;"Dębno (2)";4146;
1202052;"Gnojnik (2)";2337;
1202062;"Iwkowa (2)";1802;
1202072;"Szczurowa (2)";3008;
1203000;"Powiat chrzanowski";46557;
1203013;"Alwernia (3)";4235;
1203014;"Alwernia - urban area (4)";1233;
1203015;"Alwernia - rural area (5)";3002;
1203022;"Babice (2)";2819;
1203033;"Chrzanów (3)";18915;
1203034;"Chrzanów - urban area (4)";15634;
1203035;"Chrzanów - rural area (5)";3281;
1203043;"Libiąż (3)";7683;
1203044;"Libiąż - urban area (4)";6057;
1203045;"Libiąż - rural area (5)";1626;
1203053;"Trzebinia (3)";12905;
1203054;"Trzebinia - urban area (4)";7951;
1203055;"Trzebinia - rural area (5)";4954;
1204000;"Powiat dąbrowski";17151;
1204012;"Bolesław (2)";826;
1204023;"Dąbrowa Tarnowska (3)";6322;
1204024;"Dąbrowa Tarnowska - urban area (4)";3834;
1204025;"Dąbrowa Tarnowska - rural area (5)";2488;
1204032;"Gręboszów (2)";1020;
1204042;"Mędrzechów (2)";986;
1204052;"Olesno (2)";2158;
1204062;"Radgoszcz (2)";1989;
1204073;"Szczucin (3)";3850;
1204074;"Szczucin - urban area (4)";1325;
1204075;"Szczucin - rural area (5)";2525;
1205000;"Powiat gorlicki";33251;
1205011;"Gorlice (1)";10025;
1205023;"Biecz (3)";4879;
1205024;"Biecz - urban area (4)";1503;
1205025;"Biecz - rural area (5)";3376;
1205033;"Bobowa (3)";2459;
1205034;"Bobowa - urban area (4)";815;
1205035;"Bobowa - rural area (5)";1644;
1205042;"Gorlice (2)";4831;
1205052;"Lipinki (2)";1978;
1205062;"Łużna (2)";2310;
1205072;"Moszczenica (2)";1370;
1205082;"Ropa (2)";1573;
1205092;"Sękowa (2)";1596;
1205102;"Uście Gorlickie (2)";2230;
1206000;"Powiat krakowski";101428;
1206012;"Czernichów (2)";5320;
1206022;"Igołomia-Wawrzeńczyce (2)";2181;
1206032;"Iwanowice (2)";3353;
1206042;"Jerzmanowice-Przeginia (2)";3565;
1206052;"Kocmyrzów-Luborzyca (2)";5684;
1206063;"Krzeszowice (3)";11777;
1206064;"Krzeszowice - urban area (4)";4337;
1206065;"Krzeszowice - rural area (5)";7440;
1206072;"Liszki (2)";5787;
1206082;"Michałowice (2)";4251;
1206092;"Mogilany (2)";5335;
1206103;"Skała (3)";3754;
1206104;"Skała - urban area (4)";1316;
1206105;"Skała - rural area (5)";2438;
1206113;"Skawina (3)";15711;
1206114;"Skawina - urban area (4)";9798;
1206115;"Skawina - rural area (5)";5913;
1206123;"Słomniki (3)";4836;
1206124;"Słomniki - urban area (4)";1763;
1206125;"Słomniki - rural area (5)";3073;
1206132;"Sułoszowa (2)";1805;
1206143;"Świątniki Górne (3)";3476;
1206144;"Świątniki Górne - urban area (4)";772;
1206145;"Świątniki Górne - rural area (5)";2704;
1206152;"Wielka Wieś (2)";5389;
1206162;"Zabierzów (2)";9673;
1206172;"Zielonki (2)";9531;
1207000;"Powiat limanowski";35589;
1207011;"Limanowa (1)";4837;
1207021;"Mszana Dolna (1)";2394;
1207032;"Dobra (2)";2907;
1207042;"Jodłownik (2)";2357;
1207052;"Kamienica (2)";2159;
1207062;"Laskowa (2)";2063;
1207072;"Limanowa (2)";6802;
1207082;"Łukowica (2)";2634;
1207092;"Mszana Dolna (2)";4315;
1207102;"Niedźwiedź (2)";1905;
1207112;"Słopnice (2)";1532;
1207122;"Tymbark (2)";1684;
1208000;"Powiat miechowski";17920;
1208012;"Charsznica (2)";2501;
1208022;"Gołcza (2)";2096;
1208032;"Kozłów (2)";1663;
1208042;"Książ Wielki (2)";1982;
1208053;"Miechów (3)";7567;
1208054;"Miechów - urban area (4)";4854;
1208055;"Miechów - rural area (5)";2713;
1208062;"Racławice (2)";824;
1208072;"Słaboszów (2)";1287;
1209000;"Powiat myślenicki";38285;
1209013;"Dobczyce (3)";4895;
1209014;"Dobczyce - urban area (4)";2087;
1209015;"Dobczyce - rural area (5)";2808;
1209022;"Lubień (2)";2810;
1209033;"Myślenice (3)";14417;
1209034;"Myślenice - urban area (4)";6700;
1209035;"Myślenice - rural area (5)";7717;
1209042;"Pcim (2)";2897;
1209052;"Raciechowice (2)";1873;
1209062;"Siepraw (2)";2767;
1209073;"Sułkowice (3)";4155;
1209074;"Sułkowice - urban area (4)";1818;
1209075;"Sułkowice - rural area (5)";2337;
1209082;"Tokarnia (2)";2378;
1209092;"Wiśniowa (2)";2093;
1210000;"Powiat nowosądecki";59970;
1210011;"Grybów (1)";1929;
1210022;"Chełmiec (2)";7760;
1210032;"Gródek nad Dunajcem (2)";2784;
1210042;"Grybów (2)";6318;
1210052;"Kamionka Wielka (2)";2548;
1210062;"Korzenna (2)";3395;
1210073;"Krynica-Zdrój (3)";6856;
1210074;"Krynica-Zdrój - urban area (4)";5148;
1210075;"Krynica-Zdrój - rural area (5)";1708;
1210082;"Łabowa (2)";1497;
1210092;"Łącko (2)";4311;
1210102;"Łososina Dolna (2)";2899;
1210113;"Muszyna (3)";3531;
1210114;"Muszyna - urban area (4)";1672;
1210115;"Muszyna - rural area (5)";1859;
1210122;"Nawojowa (2)";2175;
1210133;"Piwniczna-Zdrój (3)";2915;
1210134;"Piwniczna-Zdrój - urban area (4)";1743;
1210135;"Piwniczna-Zdrój - rural area (5)";1172;
1210142;"Podegrodzie (2)";3358;
1210152;"Rytro (2)";944;
1210163;"Stary Sącz (3)";6750;
1210164;"Stary Sącz - urban area (4)";2886;
1210165;"Stary Sącz - rural area (5)";3864;
1211000;"Powiat nowotarski";56599;
1211011;"Nowy Targ (1)";11945;
1211023;"Szczawnica (3)";2754;
1211024;"Szczawnica - urban area (4)";2203;
1211025;"Szczawnica - rural area (5)";551;
1211032;"Czarny Dunajec (2)";6121;
1211042;"Czorsztyn (2)";2114;
1211052;"Jabłonka (2)";5399;
1211062;"Krościenko nad Dunajcem (2)";2177;
1211072;"Lipnica Wielka (2)";1561;
1211082;"Łapsze Niżne (2)";2477;
1211092;"Nowy Targ (2)";6067;
1211102;"Ochotnica Dolna (2)";2423;
1211112;"Raba Wyżna (2)";3832;
1211123;"Rabka-Zdrój (3)";5736;
1211124;"Rabka-Zdrój - urban area (4)";4687;
1211125;"Rabka-Zdrój - rural area (5)";1049;
1211132;"Spytkowice (2)";1221;
1211142;"Szaflary (2)";2772;
1212000;"Powiat olkuski";39613;
1212011;"Bukowno (1)";3973;
1212032;"Bolesław (2)";2614;
1212042;"Klucze (2)";5401;
1212053;"Olkusz (3)";17126;
1212054;"Olkusz - urban area (4)";13322;
1212055;"Olkusz - rural area (5)";3804;
1212062;"Trzyciąż (2)";2236;
1212073;"Wolbrom (3)";8263;
1212074;"Wolbrom - urban area (4)";3634;
1212075;"Wolbrom - rural area (5)";4629;
1213000;"Powiat oświęcimski";54207;
1213011;"Oświęcim (1)";16653;
1213023;"Brzeszcze (3)";8008;
1213024;"Brzeszcze - urban area (4)";4517;
1213025;"Brzeszcze - rural area (5)";3491;
1213033;"Chełmek (3)";4720;
1213034;"Chełmek - urban area (4)";3458;
1213035;"Chełmek - rural area (5)";1262;
1213043;"Kęty (3)";10652;
1213044;"Kęty - urban area (4)";6359;
1213045;"Kęty - rural area (5)";4293;
1213052;"Osiek (2)";2246;
1213062;"Oświęcim (2)";6046;
1213072;"Polanka Wielka (2)";1239;
1213082;"Przeciszów (2)";1804;
1213093;"Zator (3)";2839;
1213094;"Zator - urban area (4)";1282;
1213095;"Zator - rural area (5)";1557;
1214000;"Powiat proszowicki";13470;
1214012;"Koniusza (2)";2573;
1214023;"Koszyce (3)";1777;
1214024;"Koszyce - urban area (4)";296;
1214025;"Koszyce - rural area (5)";1481;
1214033;"Nowe Brzesko (3)";1739;
1214034;"Nowe Brzesko - urban area (4)";541;
1214035;"Nowe Brzesko - rural area (5)";1198;
1214042;"Pałecznica (2)";988;
1214053;"Proszowice (3)";5376;
1214054;"Proszowice - urban area (4)";2392;
1214055;"Proszowice - rural area (5)";2984;
1214062;"Radziemice (2)";1017;
1215000;"Powiat suski";26586;
1215011;"Jordanów (1)";1862;
1215021;"Sucha Beskidzka (1)";3310;
1215032;"Budzów (2)";2339;
1215042;"Bystra-Sidzina (2)";1964;
1215052;"Jordanów (2)";3122;
1215063;"Maków Podhalański (3)";5131;
1215064;"Maków Podhalański - urban area (4)";2148;
1215065;"Maków Podhalański - rural area (5)";2983;
1215072;"Stryszawa (2)";4322;
1215082;"Zawoja (2)";2701;
1215092;"Zembrzyce (2)";1835;
1216000;"Powiat tarnowski";57141;
1216013;"Ciężkowice (3)";3187;
1216014;"Ciężkowice - urban area (4)";796;
1216015;"Ciężkowice - rural area (5)";2391;
1216022;"Gromnik (2)";2429;
1216032;"Lisia Góra (2)";4282;
1216042;"Pleśna (2)";3481;
1216053;"Radłów (3)";2816;
1216054;"Radłów - urban area (4)";848;
1216055;"Radłów - rural area (5)";1968;
1216063;"Ryglice (3)";3162;
1216064;"Ryglice - urban area (4)";826;
1216065;"Ryglice - rural area (5)";2336;
1216072;"Rzepiennik Strzyżewski (2)";1825;
1216082;"Skrzyszów (2)";4028;
1216092;"Tarnów (2)";7660;
1216103;"Tuchów (3)";5202;
1216104;"Tuchów - urban area (4)";2043;
1216105;"Tuchów - rural area (5)";3159;
1216112;"Wierzchosławice (2)";3128;
1216122;"Wietrzychowice (2)";1121;
1216133;"Wojnicz (3)";3640;
1216134;"Wojnicz - urban area (4)";953;
1216135;"Wojnicz - rural area (5)";2687;
1216143;"Zakliczyn (3)";3660;
1216144;"Zakliczyn - urban area (4)";520;
1216145;"Zakliczyn - rural area (5)";3140;
1216153;"Żabno (3)";5360;
1216154;"Żabno - urban area (4)";1282;
1216155;"Żabno - rural area (5)";4078;
1216162;"Szerzyny (2)";2160;
1217000;"Powiat tatrzański";26020;
1217011;"Zakopane (1)";12873;
1217022;"Biały Dunajec (2)";1976;
1217032;"Bukowina Tatrzańska (2)";3845;
1217042;"Kościelisko (2)";3808;
1217052;"Poronin (2)";3518;
1218000;"Powiat wadowicki";50042;
1218013;"Andrychów (3)";14012;
1218014;"Andrychów - urban area (4)";7451;
1218015;"Andrychów - rural area (5)";6561;
1218022;"Brzeźnica (2)";3351;
1218033;"Kalwaria Zebrzydowska (3)";5990;
1218034;"Kalwaria Zebrzydowska - urban area (4)";1564;
1218035;"Kalwaria Zebrzydowska - rural area (5)";4426;
1218042;"Lanckorona (2)";1899;
1218052;"Mucharz (2)";1387;
1218062;"Spytkowice (2)";2694;
1218072;"Stryszów (2)";2044;
1218082;"Tomice (2)";2290;
1218093;"Wadowice (3)";12964;
1218094;"Wadowice - urban area (4)";7269;
1218095;"Wadowice - rural area (5)";5695;
1218102;"Wieprz (2)";3411;
1219000;"Powiat wielicki";47578;
1219012;"Biskupice (2)";3261;
1219022;"Gdów (2)";5364;
1219032;"Kłaj (2)";3457;
1219043;"Niepołomice (3)";10769;
1219044;"Niepołomice - urban area (4)";5749;
1219045;"Niepołomice - rural area (5)";5020;
1219053;"Wieliczka (3)";24727;
1219054;"Wieliczka - urban area (4)";11765;
1219055;"Wieliczka - rural area (5)";12962;
1261000;"City with powiat status Kraków";438684;
1261011;"Kraków (1)";438684;
1262000;"City with powiat status Nowy Sącz";31555;
1262011;"Nowy Sącz (1)";31555;
1263000;"City with powiat status Tarnów";45159;
1263011;"Tarnów (1)";45159;
1400000;"MAZOWIECKIE";2443589;
1401000;"Powiat białobrzeski";11728;
1401013;"Białobrzegi (3)";4149;
1401014;"Białobrzegi - urban area (4)";2733;
1401015;"Białobrzegi - rural area (5)";1416;
1401022;"Promna (2)";2069;
1401032;"Radzanów (2)";1078;
1401042;"Stara Błotnica (2)";1529;
1401052;"Stromiec (2)";1821;
1401063;"Wyśmierzyce (3)";1082;
1401064;"Wyśmierzyce - urban area (4)";372;
1401065;"Wyśmierzyce - rural area (5)";710;
1402000;"Powiat ciechanowski";33137;
1402011;"Ciechanów (1)";18643;
1402022;"Ciechanów (2)";2438;
1402033;"Glinojeck (3)";2764;
1402034;"Glinojeck - urban area (4)";1072;
1402035;"Glinojeck - rural area (5)";1692;
1402042;"Gołymin-Ośrodek (2)";1095;
1402052;"Grudusk (2)";1115;
1402062;"Ojrzeń (2)";1361;
1402072;"Opinogóra Górna (2)";1738;
1402082;"Regimin (2)";1554;
1402092;"Sońsk (2)";2429;
1403000;"Powiat garwoliński";36151;
1403011;"Garwolin (1)";7063;
1403021;"Łaskarzew (1)";1577;
1403032;"Borowie (2)";1638;
1403042;"Garwolin (2)";4148;
1403052;"Górzno (2)";1909;
1403062;"Łaskarzew (2)";1570;
1403072;"Maciejowice (2)";2339;
1403082;"Miastków Kościelny (2)";1534;
1403092;"Parysów (2)";1333;
1403103;"Pilawa (3)";3519;
1403104;"Pilawa - urban area (4)";1379;
1403105;"Pilawa - rural area (5)";2140;
1403112;"Sobolew (2)";2593;
1403122;"Trojanów (2)";2268;
1403132;"Wilga (2)";2105;
1403143;"Żelechów (3)";2555;
1403144;"Żelechów - urban area (4)";1315;
1403145;"Żelechów - rural area (5)";1240;
1404000;"Powiat gostyniński";16115;
1404011;"Gostynin (1)";7568;
1404022;"Gostynin (2)";3985;
1404032;"Pacyna (2)";1073;
1404043;"Sanniki (3)";1888;
1404044;"Sanniki - urban area (4)";673;
1404045;"Sanniki - rural area (5)";1215;
1404052;"Szczawin Kościelny (2)";1601;
1405000;"Powiat grodziski";40614;
1405011;"Milanówek (1)";6833;
1405021;"Podkowa Leśna (1)";1543;
1405032;"Baranów (2)";1799;
1405043;"Grodzisk Mazowiecki (3)";22037;
1405044;"Grodzisk Mazowiecki - urban area (4)";15495;
1405045;"Grodzisk Mazowiecki - rural area (5)";6542;
1405052;"Jaktorów (2)";4480;
1405062;"Żabia Wola (2)";3922;
1406000;"Powiat grójecki";37910;
1406012;"Belsk Duży (2)";2155;
1406022;"Błędów (2)";2414;
1406032;"Chynów (2)";3537;
1406042;"Goszczyn (2)";985;
1406053;"Grójec (3)";12027;
1406054;"Grójec - urban area (4)";8639;
1406055;"Grójec - rural area (5)";3388;
1406062;"Jasieniec (2)";1791;
1406073;"Mogielnica (3)";2949;
1406074;"Mogielnica - urban area (4)";926;
1406075;"Mogielnica - rural area (5)";2023;
1406083;"Nowe Miasto nad Pilicą (3)";3105;
1406084;"Nowe Miasto nad Pilicą - urban area (4)";1602;
1406085;"Nowe Miasto nad Pilicą - rural area (5)";1503;
1406092;"Pniewy (2)";1611;
1406113;"Warka (3)";7336;
1406114;"Warka - urban area (4)";5027;
1406115;"Warka - rural area (5)";2309;
1407000;"Powiat kozienicki";22142;
1407012;"Garbatka-Letnisko (2)";1923;
1407022;"Głowaczów (2)";2555;
1407032;"Gniewoszów (2)";1379;
1407042;"Grabów nad Pilicą (2)";1527;
1407053;"Kozienice (3)";11241;
1407054;"Kozienice - urban area (4)";6946;
1407055;"Kozienice - rural area (5)";4295;
1407062;"Magnuszew (2)";2084;
1407072;"Sieciechów (2)";1433;
1408000;"Powiat legionowski";52703;
1408011;"Legionowo (1)";22575;
1408022;"Jabłonna (2)";8858;
1408032;"Nieporęt (2)";6350;
1408043;"Serock (3)";7191;
1408044;"Serock - urban area (4)";2320;
1408045;"Serock - rural area (5)";4871;
1408052;"Wieliszew (2)";7729;
1409000;"Powiat lipski";12343;
1409012;"Chotcza (2)";952;
1409022;"Ciepielów (2)";1844;
1409033;"Lipsko (3)";3898;
1409034;"Lipsko - urban area (4)";2061;
1409035;"Lipsko - rural area (5)";1837;
1409042;"Rzeczniów (2)";1521;
1409052;"Sienno (2)";2173;
1409063;"Solec nad Wisłą (3)";1955;
1409064;"Solec nad Wisłą - urban area (4)";432;
1409065;"Solec nad Wisłą - rural area (5)";1523;
1410000;"Powiat łosicki";11338;
1410012;"Huszlew (2)";951;
1410023;"Łosice (3)";4095;
1410024;"Łosice - urban area (4)";2867;
1410025;"Łosice - rural area (5)";1228;
1410032;"Olszanka (2)";952;
1410042;"Platerów (2)";1775;
1410052;"Sarnaki (2)";2105;
1410062;"Stara Kornica (2)";1460;
1411000;"Powiat makowski";15322;
1411011;"Maków Mazowiecki (1)";3794;
1411022;"Czerwonka (2)";812;
1411032;"Karniewo (2)";1432;
1411042;"Krasnosielc (2)";1986;
1411052;"Młynarze (2)";535;
1411062;"Płoniawy-Bramura (2)";1775;
1411073;"Różan (3)";1753;
1411074;"Różan - urban area (4)";1057;
1411075;"Różan - rural area (5)";696;
1411082;"Rzewnie (2)";931;
1411092;"Sypniewo (2)";1028;
1411102;"Szelków (2)";1276;
1412000;"Powiat miński";60445;
1412011;"Mińsk Mazowiecki (1)";18558;
1412042;"Cegłów (2)";2266;
1412052;"Dębe Wielkie (2)";3746;
1412062;"Dobre (2)";2267;
1412073;"Halinów (3)";6021;
1412074;"Halinów - urban area (4)";1291;
1412075;"Halinów - rural area (5)";4730;
1412082;"Jakubów (2)";1698;
1412093;"Kałuszyn (3)";2224;
1412094;"Kałuszyn - urban area (4)";1057;
1412095;"Kałuszyn - rural area (5)";1167;
1412102;"Latowicz (2)";1848;
1412112;"Mińsk Mazowiecki (2)";5561;
1412123;"Mrozy (3)";3426;
1412124;"Mrozy - urban area (4)";1366;
1412125;"Mrozy - rural area (5)";2060;
1412132;"Siennica (2)";2395;
1412142;"Stanisławów (2)";2318;
1412151;"Sulejówek (1)";8117;
1413000;"Powiat mławski";26645;
1413011;"Mława (1)";13867;
1413022;"Dzierzgowo (2)";963;
1413032;"Lipowiec Kościelny (2)";1502;
1413042;"Radzanów (2)";961;
1413052;"Strzegowo (2)";2404;
1413062;"Stupsk (2)";1480;
1413072;"Szreńsk (2)";1213;
1413082;"Szydłowo (2)";1367;
1413092;"Wieczfnia Kościelna (2)";1228;
1413102;"Wiśniewo (2)";1660;
1414000;"Powiat nowodworski";32527;
1414011;"Nowy Dwór Mazowiecki (1)";13340;
1414022;"Czosnów (2)";4003;
1414032;"Leoncin (2)";2124;
1414043;"Nasielsk (3)";6899;
1414044;"Nasielsk - urban area (4)";2993;
1414045;"Nasielsk - rural area (5)";3906;
1414052;"Pomiechówek (2)";3981;
1414063;"Zakroczym (3)";2180;
1414064;"Zakroczym - urban area (4)";1206;
1414065;"Zakroczym - rural area (5)";974;
1415000;"Powiat ostrołęcki";25250;
1415012;"Baranowo (2)";1948;
1415022;"Czarnia (2)";595;
1415032;"Czerwin (2)";1481;
1415042;"Goworowo (2)";2656;
1415052;"Kadzidło (2)";2877;
1415062;"Lelis (2)";2619;
1415072;"Łyse (2)";2078;
1415083;"Myszyniec (3)";2813;
1415084;"Myszyniec - urban area (4)";1024;
1415085;"Myszyniec - rural area (5)";1789;
1415092;"Olszewo-Borki (2)";3238;
1415102;"Rzekuń (2)";3499;
1415112;"Troszyn (2)";1446;
1416000;"Powiat ostrowski";24918;
1416011;"Ostrów Mazowiecka (1)";8575;
1416022;"Andrzejewo (2)";1144;
1416032;"Boguty-Pianki (2)";777;
1416043;"Brok (3)";1115;
1416044;"Brok - urban area (4)";817;
1416045;"Brok - rural area (5)";298;
1416052;"Małkinia Górna (2)";3931;
1416062;"Nur (2)";1191;
1416072;"Ostrów Mazowiecka (2)";4145;
1416082;"Stary Lubotyń (2)";1042;
1416092;"Szulborze Wielkie (2)";513;
1416102;"Wąsewo (2)";1342;
1416112;"Zaręby Kościelne (2)";1143;
1417000;"Powiat otwocki";49458;
1417011;"Józefów (1)";8226;
1417021;"Otwock (1)";19972;
1417032;"Celestynów (2)";3801;
1417043;"Karczew (3)";5893;
1417044;"Karczew - urban area (4)";3708;
1417045;"Karczew - rural area (5)";2185;
1417052;"Kołbiel (2)";2684;
1417062;"Osieck (2)";1282;
1417072;"Sobienie-Jeziory (2)";2339;
1417082;"Wiązowna (2)";5261;
1418000;"Powiat piaseczyński";88728;
1418013;"Góra Kalwaria (3)";10795;
1418014;"Góra Kalwaria - urban area (4)";4974;
1418015;"Góra Kalwaria - rural area (5)";5821;
1418023;"Konstancin-Jeziorna (3)";11178;
1418024;"Konstancin-Jeziorna - urban area (4)";8086;
1418025;"Konstancin-Jeziorna - rural area (5)";3092;
1418032;"Lesznowola (2)";14037;
1418043;"Piaseczno (3)";42851;
1418044;"Piaseczno - urban area (4)";25083;
1418045;"Piaseczno - rural area (5)";17768;
1418052;"Prażmów (2)";4522;
1418063;"Tarczyn (3)";5345;
1418064;"Tarczyn - urban area (4)";2042;
1418065;"Tarczyn - rural area (5)";3303;
1419000;"Powiat płocki";35702;
1419012;"Bielsk (2)";2569;
1419022;"Bodzanów (2)";2646;
1419032;"Brudzeń Duży (2)";2493;
1419042;"Bulkowo (2)";1559;
1419053;"Drobin (3)";2424;
1419054;"Drobin - urban area (4)";1003;
1419055;"Drobin - rural area (5)";1421;
1419063;"Gąbin (3)";3911;
1419064;"Gąbin - urban area (4)";1707;
1419065;"Gąbin - rural area (5)";2204;
1419072;"Łąck (2)";1953;
1419082;"Mała Wieś (2)";1940;
1419092;"Nowy Duninów (2)";1507;
1419102;"Radzanowo (2)";2630;
1419112;"Słubice (2)";1397;
1419122;"Słupno (2)";2956;
1419132;"Stara Biała (2)";3572;
1419142;"Staroźreby (2)";2245;
1419153;"Wyszogród (3)";1900;
1419154;"Wyszogród - urban area (4)";971;
1419155;"Wyszogród - rural area (5)";929;
1420000;"Powiat płoński";31445;
1420011;"Płońsk (1)";9772;
1420021;"Raciąż (1)";1538;
1420032;"Baboszewo (2)";2222;
1420043;"Czerwińsk nad Wisłą (3)";2528;
1420044;"Czerwińsk nad Wisłą - urban area (4)";501;
1420045;"Czerwińsk nad Wisłą - rural area (5)";2027;
1420052;"Dzierzążnia (2)";1083;
1420062;"Joniec (2)";1555;
1420072;"Naruszewo (2)";1980;
1420082;"Nowe Miasto (2)";1762;
1420092;"Płońsk (2)";2698;
1420102;"Raciąż (2)";2411;
1420113;"Sochocin (3)";2039;
1420114;"Sochocin - urban area (4)";708;
1420115;"Sochocin - rural area (5)";1331;
1420122;"Załuski (2)";1857;
1421000;"Powiat pruszkowski";74657;
1421011;"Piastów (1)";10328;
1421021;"Pruszków (1)";31467;
1421033;"Brwinów (3)";11825;
1421034;"Brwinów - urban area (4)";6093;
1421035;"Brwinów - rural area (5)";5732;
1421042;"Michałowice (2)";6948;
1421052;"Nadarzyn (2)";6304;
1421062;"Raszyn (2)";7785;
1422000;"Powiat przasnyski";16741;
1422011;"Przasnysz (1)";6598;
1422023;"Chorzele (3)";2954;
1422024;"Chorzele - urban area (4)";1028;
1422025;"Chorzele - rural area (5)";1926;
1422032;"Czernice Borowe (2)";1053;
1422042;"Jednorożec (2)";2124;
1422052;"Krasne (2)";1074;
1422062;"Krzynowłoga Mała (2)";966;
1422072;"Przasnysz (2)";1972;
1423000;"Powiat przysuski";14303;
1423012;"Borkowice (2)";1656;
1423022;"Gielniów (2)";1619;
1423032;"Klwów (2)";1078;
1423042;"Odrzywół (2)";1472;
1423052;"Potworów (2)";1244;
1423063;"Przysucha (3)";4256;
1423064;"Przysucha - urban area (4)";2256;
1423065;"Przysucha - rural area (5)";2000;
1423072;"Rusinów (2)";1247;
1423082;"Wieniawa (2)";1731;
1424000;"Powiat pułtuski";18733;
1424012;"Gzy (2)";1032;
1424022;"Obryte (2)";1434;
1424032;"Pokrzywnica (2)";2302;
1424043;"Pułtusk (3)";9718;
1424044;"Pułtusk - urban area (4)";8070;
1424045;"Pułtusk - rural area (5)";1648;
1424052;"Świercze (2)";1493;
1424062;"Winnica (2)";1245;
1424072;"Zatory (2)";1509;
1425000;"Powiat radomski";47759;
1425011;"Pionki (1)";7141;
1425022;"Gózd (2)";2499;
1425033;"Iłża (3)";4806;
1425034;"Iłża - urban area (4)";1910;
1425035;"Iłża - rural area (5)";2896;
1425042;"Jastrzębia (2)";2045;
1425052;"Jedlińsk (2)";4014;
1425062;"Jedlnia-Letnisko (2)";4195;
1425072;"Kowala (2)";3593;
1425082;"Pionki (2)";3231;
1425092;"Przytyk (2)";2208;
1425103;"Skaryszew (3)";4374;
1425104;"Skaryszew - urban area (4)";1334;
1425105;"Skaryszew - rural area (5)";3040;
1425112;"Wierzbica (2)";2975;
1425122;"Wolanów (2)";2690;
1425132;"Zakrzew (2)";3988;
1426000;"Powiat siedlecki";27017;
1426012;"Domanice (2)";888;
1426022;"Korczew (2)";1239;
1426032;"Kotuń (2)";2980;
1426042;"Mokobody (2)";1632;
1426053;"Mordy (3)";2081;
1426054;"Mordy - urban area (4)";634;
1426055;"Mordy - rural area (5)";1447;
1426062;"Paprotnia (2)";806;
1426072;"Przesmyki (2)";1154;
1426082;"Siedlce (2)";5844;
1426092;"Skórzec (2)";2377;
1426102;"Suchożebry (2)";1540;
1426112;"Wiśniew (2)";1817;
1426122;"Wodynie (2)";1589;
1426132;"Zbuczyn (2)";3070;
1427000;"Powiat sierpecki";17263;
1427011;"Sierpc (1)";7495;
1427022;"Gozdowo (2)";1737;
1427032;"Mochowo (2)";1758;
1427042;"Rościszewo (2)";1125;
1427052;"Sierpc (2)";2083;
1427062;"Szczutowo (2)";1243;
1427072;"Zawidz (2)";1822;
1428000;"Powiat sochaczewski";30362;
1428011;"Sochaczew (1)";14676;
1428022;"Brochów (2)";1402;
1428032;"Iłów (2)";1863;
1428042;"Młodzieszyn (2)";1820;
1428052;"Nowa Sucha (2)";2107;
1428062;"Rybno (2)";1031;
1428072;"Sochaczew (2)";3612;
1428082;"Teresin (2)";3851;
1429000;"Powiat sokołowski";20376;
1429011;"Sokołów Podlaski (1)";7731;
1429022;"Bielany (2)";1085;
1429032;"Ceranów (2)";840;
1429042;"Jabłonna Lacka (2)";1524;
1429053;"Kosów Lacki (3)";2350;
1429054;"Kosów Lacki - urban area (4)";832;
1429055;"Kosów Lacki - rural area (5)";1518;
1429062;"Repki (2)";1821;
1429072;"Sabnie (2)";1393;
1429082;"Sokołów Podlaski (2)";2060;
1429092;"Sterdyń (2)";1572;
1430000;"Powiat szydłowiecki";13143;
1430012;"Chlewiska (2)";2370;
1430022;"Jastrząb (2)";1725;
1430032;"Mirów (2)";1035;
1430042;"Orońsko (2)";1769;
1430053;"Szydłowiec (3)";6244;
1430054;"Szydłowiec - urban area (4)";4016;
1430055;"Szydłowiec - rural area (5)";2228;
1432000;"Powiat warszawski zachodni";50461;
1432013;"Błonie (3)";9200;
1432014;"Błonie - urban area (4)";5543;
1432015;"Błonie - rural area (5)";3657;
1432022;"Izabelin (2)";3621;
1432032;"Kampinos (2)";1525;
1432042;"Leszno (2)";4268;
1432053;"Łomianki (3)";11246;
1432054;"Łomianki - urban area (4)";6373;
1432055;"Łomianki - rural area (5)";4873;
1432063;"Ożarów Mazowiecki (3)";12927;
1432064;"Ożarów Mazowiecki - urban area (4)";6812;
1432065;"Ożarów Mazowiecki - rural area (5)";6115;
1432072;"Stare Babice (2)";7674;
1433000;"Powiat węgrowski";24426;
1433011;"Węgrów (1)";4802;
1433022;"Grębków (2)";1438;
1433032;"Korytnica (2)";1986;
1433042;"Liw (2)";2538;
1433053;"Łochów (3)";6927;
1433054;"Łochów - urban area (4)";2341;
1433055;"Łochów - rural area (5)";4586;
1433062;"Miedzna (2)";1360;
1433072;"Sadowne (2)";2411;
1433082;"Stoczek (2)";1937;
1433092;"Wierzbno (2)";1027;
1434000;"Powiat wołomiński";99240;
1434011;"Kobyłka (1)";9611;
1434021;"Marki (1)";17381;
1434031;"Ząbki (1)";18806;
1434041;"Zielonka (1)";6818;
1434052;"Dąbrówka (2)";2607;
1434062;"Jadów (2)";2685;
1434072;"Klembów (2)";3297;
1434082;"Poświętne (2)";1743;
1434093;"Radzymin (3)";10238;
1434094;"Radzymin - urban area (4)";5457;
1434095;"Radzymin - rural area (5)";4781;
1434102;"Strachówka (2)";991;
1434113;"Tłuszcz (3)";6041;
1434114;"Tłuszcz - urban area (4)";2633;
1434115;"Tłuszcz - rural area (5)";3408;
1434123;"Wołomin (3)";19022;
1434124;"Wołomin - urban area (4)";14574;
1434125;"Wołomin - rural area (5)";4448;
1435000;"Powiat wyszkowski";24821;
1435012;"Brańszczyk (2)";2786;
1435022;"Długosiodło (2)";2449;
1435032;"Rząśnik (2)";1963;
1435042;"Somianka (2)";1738;
1435053;"Wyszków (3)";13959;
1435054;"Wyszków - urban area (4)";10112;
1435055;"Wyszków - rural area (5)";3847;
1435062;"Zabrodzie (2)";1926;
1436000;"Powiat zwoleński";11882;
1436012;"Kazanów (2)";1510;
1436022;"Policzna (2)";1779;
1436032;"Przyłęk (2)";2038;
1436042;"Tczów (2)";1355;
1436053;"Zwoleń (3)";5200;
1436054;"Zwoleń - urban area (4)";2966;
1436055;"Zwoleń - rural area (5)";2234;
1437000;"Powiat żuromiński";12074;
1437013;"Bieżuń (3)";1533;
1437014;"Bieżuń - urban area (4)";683;
1437015;"Bieżuń - rural area (5)";850;
1437022;"Kuczbork-Osada (2)";1403;
1437033;"Lubowidz (3)";2207;
1437034;"Lubowidz - urban area (4)";534;
1437035;"Lubowidz - rural area (5)";1673;
1437042;"Lutocin (2)";1082;
1437052;"Siemiątkowo (2)";907;
1437063;"Żuromin (3)";4942;
1437064;"Żuromin - urban area (4)";3426;
1437065;"Żuromin - rural area (5)";1516;
1438000;"Powiat żyrardowski";32558;
1438011;"Żyrardów (1)";19201;
1438023;"Mszczonów (3)";4253;
1438024;"Mszczonów - urban area (4)";2575;
1438025;"Mszczonów - rural area (5)";1678;
1438032;"Puszcza Mariańska (2)";3394;
1438042;"Radziejowice (2)";2296;
1438053;"Wiskitki (3)";3414;
1438054;"Wiskitki - urban area (4)";538;
1438055;"Wiskitki - rural area (5)";2876;
1461000;"City with powiat status Ostrołęka";20177;
1461011;"Ostrołęka (1)";20177;
1462000;"City with powiat status Płock";53339;
1462011;"Płock (1)";53339;
1463000;"City with powiat status Radom";87577;
1463011;"Radom (1)";87577;
1464000;"City with powiat status Siedlce";35195;
1464011;"Siedlce (1)";35195;
1465000;"City with powiat status Capital City Warszawa";1046864;
1465011;"Capital city Warszawa since 2002 (1)";1046864;
1465028;"Bemowo - district (8)";63749;
1465038;"Białołęka - district (8)";73350;
1465048;"Bielany - district (8)";71709;
1465058;"Mokotów - district (8)";140505;
1465068;"Ochota - district (8)";50061;
1465078;"Praga-Południe - district (8)";107824;
1465088;"Praga-Północ - district (8)";38159;
1465098;"Rembertów - district (8)";10737;
1465108;"Śródmieście - district (8)";77037;
1465118;"Targówek - district (8)";62947;
1465128;"Ursus - district (8)";34915;
1465138;"Ursynów - district (8)";76513;
1465148;"Wawer - district (8)";34898;
1465158;"Wesoła - district (8)";10042;
1465168;"Wilanów - district (8)";27109;
1465178;"Włochy - district (8)";27480;
1465188;"Wola - district (8)";104745;
1465198;"Żoliborz - district (8)";35084;
1600000;"OPOLSKIE";362849;
1601000;"Powiat brzeski";33870;
1601011;"Brzeg (1)";15524;
1601022;"Skarbimierz (2)";2895;
1601033;"Grodków (3)";6509;
1601034;"Grodków - urban area (4)";3276;
1601035;"Grodków - rural area (5)";3233;
1601043;"Lewin Brzeski (3)";4495;
1601044;"Lewin Brzeski - urban area (4)";2200;
1601045;"Lewin Brzeski - rural area (5)";2295;
1601052;"Lubsza (2)";2942;
1601062;"Olszanka (2)";1505;
1602000;"Powiat głubczycki";16902;
1602013;"Baborów (3)";2188;
1602014;"Baborów - urban area (4)";1092;
1602015;"Baborów - rural area (5)";1096;
1602022;"Branice (2)";2208;
1602033;"Głubczyce (3)";8632;
1602034;"Głubczyce - urban area (4)";5081;
1602035;"Głubczyce - rural area (5)";3551;
1602043;"Kietrz (3)";3874;
1602044;"Kietrz - urban area (4)";2218;
1602045;"Kietrz - rural area (5)";1656;
1603000;"Powiat kędzierzyńsko-kozielski";36119;
1603011;"Kędzierzyn-Koźle (1)";24917;
1603022;"Bierawa (2)";2701;
1603032;"Cisek (2)";1872;
1603042;"Pawłowiczki (2)";2445;
1603052;"Polska Cerekiew (2)";1455;
1603062;"Reńska Wieś (2)";2729;
1604000;"Powiat kluczborski";23219;
1604013;"Byczyna (3)";3171;
1604014;"Byczyna - urban area (4)";1274;
1604015;"Byczyna - rural area (5)";1897;
1604023;"Kluczbork (3)";13512;
1604024;"Kluczbork - urban area (4)";9745;
1604025;"Kluczbork - rural area (5)";3767;
1604032;"Lasowice Wielkie (2)";1918;
1604043;"Wołczyn (3)";4618;
1604044;"Wołczyn - urban area (4)";2264;
1604045;"Wołczyn - rural area (5)";2354;
1605000;"Powiat krapkowicki";21395;
1605013;"Gogolin (3)";3978;
1605014;"Gogolin - urban area (4)";2240;
1605015;"Gogolin - rural area (5)";1738;
1605023;"Krapkowice (3)";8388;
1605024;"Krapkowice - urban area (4)";6444;
1605025;"Krapkowice - rural area (5)";1944;
1605032;"Strzeleczki (2)";2366;
1605042;"Walce (2)";1592;
1605053;"Zdzieszowice (3)";5071;
1605054;"Zdzieszowice - urban area (4)";3858;
1605055;"Zdzieszowice - rural area (5)";1213;
1606000;"Powiat namysłowski";16349;
1606012;"Domaszowice (2)";1193;
1606023;"Namysłów (3)";10843;
1606024;"Namysłów - urban area (4)";7577;
1606025;"Namysłów - rural area (5)";3266;
1606032;"Pokój (2)";1723;
1606042;"Świerczów (2)";1150;
1606052;"Wilków (2)";1440;
1607000;"Powiat nyski";49340;
1607013;"Głuchołazy (3)";9154;
1607014;"Głuchołazy - urban area (4)";5810;
1607015;"Głuchołazy - rural area (5)";3344;
1607022;"Kamiennik (2)";1136;
1607033;"Korfantów (3)";2813;
1607034;"Korfantów - urban area (4)";600;
1607035;"Korfantów - rural area (5)";2213;
1607042;"Łambinowice (2)";2319;
1607053;"Nysa (3)";22219;
1607054;"Nysa - urban area (4)";18072;
1607055;"Nysa - rural area (5)";4147;
1607063;"Otmuchów (3)";4463;
1607064;"Otmuchów - urban area (4)";2426;
1607065;"Otmuchów - rural area (5)";2037;
1607073;"Paczków (3)";4288;
1607074;"Paczków - urban area (4)";2814;
1607075;"Paczków - rural area (5)";1474;
1607082;"Pakosławice (2)";994;
1607092;"Skoroszyce (2)";1954;
1608000;"Powiat oleski";21146;
1608013;"Dobrodzień (3)";3179;
1608014;"Dobrodzień - urban area (4)";1384;
1608015;"Dobrodzień - rural area (5)";1795;
1608023;"Gorzów Śląski (3)";2213;
1608024;"Gorzów Śląski - urban area (4)";851;
1608025;"Gorzów Śląski - rural area (5)";1362;
1608033;"Olesno (3)";5954;
1608034;"Olesno - urban area (4)";3490;
1608035;"Olesno - rural area (5)";2464;
1608043;"Praszka (3)";5029;
1608044;"Praszka - urban area (4)";3108;
1608045;"Praszka - rural area (5)";1921;
1608052;"Radłów (2)";1149;
1608062;"Rudniki (2)";2558;
1608072;"Zębowice (2)";1064;
1609000;"Powiat opolski";40469;
1609012;"Chrząstowice (2)";2212;
1609022;"Dąbrowa (2)";2712;
1609032;"Dobrzeń Wielki (2)";3152;
1609042;"Komprachcice (2)";2803;
1609052;"Łubniany (2)";3343;
1609062;"Murów (2)";1892;
1609073;"Niemodlin (3)";4688;
1609074;"Niemodlin - urban area (4)";2422;
1609075;"Niemodlin - rural area (5)";2266;
1609083;"Ozimek (3)";6600;
1609084;"Ozimek - urban area (4)";3326;
1609085;"Ozimek - rural area (5)";3274;
1609092;"Popielów (2)";2549;
1609103;"Prószków (3)";2698;
1609104;"Prószków - urban area (4)";802;
1609105;"Prószków - rural area (5)";1896;
1609112;"Tarnów Opolski (2)";2881;
1609123;"Tułowice (3)";1774;
1609124;"Tułowice - urban area (4)";1312;
1609125;"Tułowice - rural area (5)";462;
1609132;"Turawa (2)";3165;
1610000;"Powiat prudnicki";20139;
1610013;"Biała (3)";3354;
1610014;"Biała - urban area (4)";881;
1610015;"Biała - rural area (5)";2473;
1610023;"Głogówek (3)";4654;
1610024;"Głogówek - urban area (4)";2254;
1610025;"Głogówek - rural area (5)";2400;
1610032;"Lubrza (2)";1392;
1610043;"Prudnik (3)";10739;
1610044;"Prudnik - urban area (4)";8802;
1610045;"Prudnik - rural area (5)";1937;
1611000;"Powiat strzelecki";24189;
1611012;"Izbicko (2)";1594;
1611022;"Jemielnica (2)";2108;
1611033;"Kolonowskie (3)";1779;
1611034;"Kolonowskie - urban area (4)";1034;
1611035;"Kolonowskie - rural area (5)";745;
1611043;"Leśnica (3)";2430;
1611044;"Leśnica - urban area (4)";848;
1611045;"Leśnica - rural area (5)";1582;
1611053;"Strzelce Opolskie (3)";10594;
1611054;"Strzelce Opolskie - urban area (4)";7099;
1611055;"Strzelce Opolskie - rural area (5)";3495;
1611063;"Ujazd (3)";1899;
1611064;"Ujazd - urban area (4)";592;
1611065;"Ujazd - rural area (5)";1307;
1611073;"Zawadzkie (3)";3785;
1611074;"Zawadzkie - urban area (4)";2571;
1611075;"Zawadzkie - rural area (5)";1214;
1661000;"City with powiat status Opole";59712;
1661011;"Opole (1)";59712;
1800000;"PODKARPACKIE";703380;
1801000;"Powiat bieszczadzki";7362;
1801032;"Czarna (2)";770;
1801052;"Lutowiska (2)";744;
1801083;"Ustrzyki Dolne (3)";5848;
1801084;"Ustrzyki Dolne - urban area (4)";3410;
1801085;"Ustrzyki Dolne - rural area (5)";2438;
1802000;"Powiat brzozowski";18904;
1802013;"Brzozów (3)";7501;
1802014;"Brzozów - urban area (4)";2546;
1802015;"Brzozów - rural area (5)";4955;
1802022;"Domaradz (2)";1837;
1802032;"Dydnia (2)";2196;
1802042;"Haczów (2)";2667;
1802052;"Jasienica Rosielna (2)";2155;
1802062;"Nozdrzec (2)";2548;
1803000;"Powiat dębicki";40597;
1803011;"Dębica (1)";16118;
1803023;"Brzostek (3)";3421;
1803024;"Brzostek - urban area (4)";775;
1803025;"Brzostek - rural area (5)";2646;
1803032;"Czarna (2)";3626;
1803042;"Dębica (2)";7306;
1803052;"Jodłowa (2)";1434;
1803063;"Pilzno (3)";4787;
1803064;"Pilzno - urban area (4)";1415;
1803065;"Pilzno - rural area (5)";3372;
1803072;"Żyraków (2)";3905;
1804000;"Powiat jarosławski";36959;
1804011;"Jarosław (1)";14198;
1804021;"Radymno (1)";1745;
1804032;"Chłopice (2)";1354;
1804042;"Jarosław (2)";3708;
1804052;"Laszki (2)";1817;
1804062;"Pawłosiów (2)";2506;
1804073;"Pruchnik (3)";2681;
1804074;"Pruchnik - urban area (4)";1057;
1804075;"Pruchnik - rural area (5)";1624;
1804082;"Radymno (2)";2985;
1804092;"Rokietnica (2)";1123;
1804102;"Roźwienica (2)";1685;
1804112;"Wiązownica (2)";3157;
1805000;"Powiat jasielski";34234;
1805011;"Jasło (1)";12720;
1805022;"Brzyska (2)";1607;
1805032;"Dębowiec (2)";2482;
1805042;"Jasło (2)";4624;
1805053;"Kołaczyce (3)";2338;
1805054;"Kołaczyce - urban area (4)";406;
1805055;"Kołaczyce - rural area (5)";1932;
1805062;"Krempna (2)";585;
1805072;"Nowy Żmigród (2)";2457;
1805082;"Osiek Jasielski (2)";1432;
1805092;"Skołyszyn (2)";3434;
1805112;"Tarnowiec (2)";2555;
1806000;"Powiat kolbuszowski";18034;
1806012;"Cmolas (2)";2207;
1806023;"Kolbuszowa (3)";7599;
1806024;"Kolbuszowa - urban area (4)";2986;
1806025;"Kolbuszowa - rural area (5)";4613;
1806032;"Majdan Królewski (2)";2840;
1806042;"Niwiska (2)";1689;
1806052;"Raniżów (2)";1978;
1806062;"Dzikowiec (2)";1721;
1807000;"Powiat krośnieński";32730;
1807012;"Chorkówka (2)";3896;
1807023;"Dukla (3)";4423;
1807024;"Dukla - urban area (4)";696;
1807025;"Dukla - rural area (5)";3727;
1807033;"Iwonicz-Zdrój (3)";2985;
1807034;"Iwonicz-Zdrój - urban area (4)";769;
1807035;"Iwonicz-Zdrój - rural area (5)";2216;
1807043;"Jedlicze (3)";4542;
1807044;"Jedlicze - urban area (4)";1796;
1807045;"Jedlicze - rural area (5)";2746;
1807052;"Korczyna (2)";3461;
1807062;"Krościenko Wyżne (2)";1586;
1807072;"Miejsce Piastowe (2)";3866;
1807083;"Rymanów (3)";4502;
1807084;"Rymanów - urban area (4)";1191;
1807085;"Rymanów - rural area (5)";3311;
1807092;"Wojaszówka (2)";2844;
1807102;"Jaśliska (2)";625;
1808000;"Powiat leżajski";20576;
1808011;"Leżajsk (1)";4718;
1808022;"Grodzisko Dolne (2)";2306;
1808032;"Kuryłówka (2)";1656;
1808042;"Leżajsk (2)";5672;
1808053;"Nowa Sarzyna (3)";6224;
1808054;"Nowa Sarzyna - urban area (4)";2073;
1808055;"Nowa Sarzyna - rural area (5)";4151;
1809000;"Powiat lubaczowski";17345;
1809011;"Lubaczów (1)";4457;
1809023;"Cieszanów (3)";2169;
1809024;"Cieszanów - urban area (4)";604;
1809025;"Cieszanów - rural area (5)";1565;
1809032;"Horyniec-Zdrój (2)";1438;
1809042;"Lubaczów (2)";2594;
1809053;"Narol (3)";2539;
1809054;"Narol - urban area (4)";710;
1809055;"Narol - rural area (5)";1829;
1809063;"Oleszyce (3)";1978;
1809064;"Oleszyce - urban area (4)";1036;
1809065;"Oleszyce - rural area (5)";942;
1809072;"Stary Dzików (2)";1102;
1809082;"Wielkie Oczy (2)";1068;
1810000;"Powiat łańcucki";25171;
1810011;"Łańcut (1)";6482;
1810022;"Białobrzegi (2)";2483;
1810032;"Czarna (2)";3512;
1810042;"Łańcut (2)";6503;
1810052;"Markowa (2)";1959;
1810062;"Rakszawa (2)";2076;
1810072;"Żołynia (2)";2156;
1811000;"Powiat mielecki";44312;
1811011;"Mielec (1)";22751;
1811022;"Borowa (2)";1496;
1811032;"Czermin (2)";1938;
1811042;"Gawłuszowice (2)";784;
1811052;"Mielec (2)";3987;
1811062;"Padew Narodowa (2)";1553;
1811073;"Przecław (3)";3327;
1811074;"Przecław - urban area (4)";531;
1811075;"Przecław - rural area (5)";2796;
1811083;"Radomyśl Wielki (3)";4002;
1811084;"Radomyśl Wielki - urban area (4)";1014;
1811085;"Radomyśl Wielki - rural area (5)";2988;
1811092;"Tuszów Narodowy (2)";2413;
1811102;"Wadowice Górne (2)";2061;
1812000;"Powiat niżański";20586;
1812012;"Harasiuki (2)";1846;
1812022;"Jarocin (2)";1497;
1812032;"Jeżowe (2)";2526;
1812042;"Krzeszów (2)";1293;
1812053;"Nisko (3)";7518;
1812054;"Nisko - urban area (4)";5456;
1812055;"Nisko - rural area (5)";2062;
1812063;"Rudnik nad Sanem (3)";3308;
1812064;"Rudnik nad Sanem - urban area (4)";2292;
1812065;"Rudnik nad Sanem - rural area (5)";1016;
1812073;"Ulanów (3)";2598;
1812074;"Ulanów - urban area (4)";529;
1812075;"Ulanów - rural area (5)";2069;
1813000;"Powiat przemyski";21351;
1813012;"Bircza (2)";1928;
1813023;"Dubiecko (3)";2843;
1813024;"Dubiecko - urban area (4)";268;
1813025;"Dubiecko - rural area (5)";2575;
1813032;"Fredropol (2)";1506;
1813042;"Krasiczyn (2)";1598;
1813052;"Krzywcza (2)";1361;
1813062;"Medyka (2)";1791;
1813072;"Orły (2)";2301;
1813082;"Przemyśl (2)";3205;
1813092;"Stubno (2)";1185;
1813102;"Żurawica (2)";3633;
1814000;"Powiat przeworski";24217;
1814011;"Przeworsk (1)";5188;
1814022;"Adamówka (2)";1209;
1814032;"Gać (2)";1394;
1814042;"Jawornik Polski (2)";1520;
1814053;"Kańczuga (3)";4022;
1814054;"Kańczuga - urban area (4)";1028;
1814055;"Kańczuga - rural area (5)";2994;
1814062;"Przeworsk (2)";4334;
1814073;"Sieniawa (3)";2024;
1814074;"Sieniawa - urban area (4)";687;
1814075;"Sieniawa - rural area (5)";1337;
1814082;"Tryńcza (2)";2544;
1814092;"Zarzecze (2)";1982;
1815000;"Powiat ropczycko-sędziszowski";21746;
1815012;"Iwierzyce (2)";2181;
1815022;"Ostrów (2)";2134;
1815033;"Ropczyce (3)";8196;
1815034;"Ropczyce - urban area (4)";5161;
1815035;"Ropczyce - rural area (5)";3035;
1815043;"Sędziszów Małopolski (3)";7071;
1815044;"Sędziszów Małopolski - urban area (4)";3877;
1815045;"Sędziszów Małopolski - rural area (5)";3194;
1815052;"Wielopole Skrzyńskie (2)";2164;
1816000;"Powiat rzeszowski";52696;
1816011;"Dynów (1)";2007;
1816023;"Błażowa (3)";3660;
1816024;"Błażowa - urban area (4)";697;
1816025;"Błażowa - rural area (5)";2963;
1816033;"Boguchwała (3)";6797;
1816034;"Boguchwała - urban area (4)";2061;
1816035;"Boguchwała - rural area (5)";4736;
1816042;"Chmielnik (2)";2183;
1816052;"Dynów (2)";2110;
1816063;"Głogów Małopolski (3)";5990;
1816064;"Głogów Małopolski - urban area (4)";3363;
1816065;"Głogów Małopolski - rural area (5)";2627;
1816072;"Hyżne (2)";2076;
1816082;"Kamień (2)";1651;
1816092;"Krasne (2)";3960;
1816102;"Lubenia (2)";2040;
1816113;"Sokołów Małopolski (3)";4679;
1816114;"Sokołów Małopolski - urban area (4)";1381;
1816115;"Sokołów Małopolski - rural area (5)";3298;
1816122;"Świlcza (2)";4815;
1816132;"Trzebownisko (2)";7181;
1816143;"Tyczyn (3)";3547;
1816144;"Tyczyn - urban area (4)";1514;
1816145;"Tyczyn - rural area (5)";2033;
1817000;"Powiat sanocki";30156;
1817011;"Sanok (1)";13961;
1817022;"Besko (2)";1199;
1817032;"Bukowsko (2)";1423;
1817042;"Komańcza (2)";1460;
1817052;"Sanok (2)";5156;
1817062;"Tyrawa Wołoska (2)";555;
1817073;"Zagórz (3)";3589;
1817074;"Zagórz - urban area (4)";1556;
1817075;"Zagórz - rural area (5)";2033;
1817082;"Zarszyn (2)";2813;
1818000;"Powiat stalowowolski";37665;
1818011;"Stalowa Wola (1)";23447;
1818022;"Bojanów (2)";2116;
1818032;"Pysznica (2)";3636;
1818042;"Radomyśl nad Sanem (2)";2297;
1818053;"Zaklików (3)";2677;
1818054;"Zaklików - urban area (4)";971;
1818055;"Zaklików - rural area (5)";1706;
1818062;"Zaleszany (2)";3492;
1819000;"Powiat strzyżowski";18194;
1819012;"Czudec (2)";3483;
1819022;"Frysztak (2)";3029;
1819032;"Niebylec (2)";3067;
1819043;"Strzyżów (3)";6368;
1819044;"Strzyżów - urban area (4)";2941;
1819045;"Strzyżów - rural area (5)";3427;
1819052;"Wiśniowa (2)";2247;
1820000;"Powiat tarnobrzeski";16699;
1820013;"Baranów Sandomierski (3)";3713;
1820014;"Baranów Sandomierski - urban area (4)";520;
1820015;"Baranów Sandomierski - rural area (5)";3193;
1820022;"Gorzyce (2)";4138;
1820032;"Grębów (2)";2913;
1820043;"Nowa Dęba (3)";5935;
1820044;"Nowa Dęba - urban area (4)";3888;
1820045;"Nowa Dęba - rural area (5)";2047;
1821000;"Powiat leski";8596;
1821012;"Baligród (2)";962;
1821022;"Cisna (2)";800;
1821033;"Lesko (3)";3672;
1821034;"Lesko - urban area (4)";2028;
1821035;"Lesko - rural area (5)";1644;
1821042;"Olszanica (2)";1402;
1821052;"Solina (2)";1760;
1861000;"City with powiat status Krosno";18362;
1861011;"Krosno (1)";18362;
1862000;"City with powiat status Przemyśl";25260;
1862011;"Przemyśl (1)";25260;
1863000;"City with powiat status Rzeszów";93508;
1863011;"Rzeszów (1)";93508;
1864000;"City with powiat status Tarnobrzeg";18120;
1864011;"Tarnobrzeg (1)";18120;
2000000;"PODLASKIE";464613;
2001000;"Powiat augustowski";20287;
2001011;"Augustów (1)";11275;
2001022;"Augustów (2)";1828;
2001032;"Bargłów Kościelny (2)";1433;
2001043;"Lipsk (3)";1766;
2001044;"Lipsk - urban area (4)";856;
2001045;"Lipsk - rural area (5)";910;
2001052;"Nowinka (2)";1081;
2001062;"Płaska (2)";1291;
2001072;"Sztabin (2)";1613;
2002000;"Powiat białostocki";58838;
2002013;"Choroszcz (3)";6136;
2002014;"Choroszcz - urban area (4)";2094;
2002015;"Choroszcz - rural area (5)";4042;
2002023;"Czarna Białostocka (3)";4129;
2002024;"Czarna Białostocka - urban area (4)";3325;
2002025;"Czarna Białostocka - rural area (5)";804;
2002032;"Dobrzyniewo Duże (2)";3340;
2002042;"Gródek (2)";2876;
2002052;"Juchnowiec Kościelny (2)";6968;
2002063;"Łapy (3)";7349;
2002064;"Łapy - urban area (4)";5465;
2002065;"Łapy - rural area (5)";1884;
2002073;"Michałowo (3)";3331;
2002074;"Michałowo - urban area (4)";1180;
2002075;"Michałowo - rural area (5)";2151;
2002082;"Poświętne (2)";923;
2002093;"Supraśl (3)";6145;
2002094;"Supraśl - urban area (4)";1535;
2002095;"Supraśl - rural area (5)";4610;
2002103;"Suraż (3)";750;
2002104;"Suraż - urban area (4)";337;
2002105;"Suraż - rural area (5)";413;
2002112;"Turośń Kościelna (2)";2500;
2002123;"Tykocin (3)";1917;
2002124;"Tykocin - urban area (4)";632;
2002125;"Tykocin - rural area (5)";1285;
2002133;"Wasilków (3)";7564;
2002134;"Wasilków - urban area (4)";4867;
2002135;"Wasilków - rural area (5)";2697;
2002143;"Zabłudów (3)";4165;
2002144;"Zabłudów - urban area (4)";924;
2002145;"Zabłudów - rural area (5)";3241;
2002152;"Zawady (2)";745;
2003000;"Powiat bielski";23689;
2003011;"Bielsk Podlaski (1)";10491;
2003021;"Brańsk (1)";1284;
2003032;"Bielsk Podlaski (2)";3916;
2003042;"Boćki (2)";1788;
2003052;"Brańsk (2)";2025;
2003062;"Orla (2)";1773;
2003072;"Rudka (2)";680;
2003082;"Wyszki (2)";1732;
2004000;"Powiat grajewski";15690;
2004011;"Grajewo (1)";8125;
2004022;"Grajewo (2)";1594;
2004032;"Radziłów (2)";1399;
2004043;"Rajgród (3)";1670;
2004044;"Rajgród - urban area (4)";623;
2004045;"Rajgród - rural area (5)";1047;
2004053;"Szczuczyn (3)";1945;
2004054;"Szczuczyn - urban area (4)";1227;
2004055;"Szczuczyn - rural area (5)";718;
2004062;"Wąsosz (2)";957;
2005000;"Powiat hajnowski";21710;
2005011;"Hajnówka (1)";8917;
2005022;"Białowieża (2)";1171;
2005032;"Czeremcha (2)";1563;
2005042;"Czyże (2)";1184;
2005052;"Dubicze Cerkiewne (2)";1046;
2005062;"Hajnówka (2)";2055;
2005073;"Kleszczele (3)";1380;
2005074;"Kleszczele - urban area (4)";610;
2005075;"Kleszczele - rural area (5)";770;
2005082;"Narew (2)";2209;
2005092;"Narewka (2)";2185;
2006000;"Powiat kolneński";10869;
2006011;"Kolno (1)";3476;
2006022;"Grabowo (2)";901;
2006032;"Kolno (2)";2166;
2006042;"Mały Płock (2)";1252;
2006053;"Stawiski (3)";1701;
2006054;"Stawiski - urban area (4)";774;
2006055;"Stawiski - rural area (5)";927;
2006062;"Turośl (2)";1373;
2007000;"Powiat łomżyński";15327;
2007013;"Jedwabne (3)";1486;
2007014;"Jedwabne - urban area (4)";569;
2007015;"Jedwabne - rural area (5)";917;
2007022;"Łomża (2)";3640;
2007032;"Miastkowo (2)";1159;
2007043;"Nowogród (3)";1346;
2007044;"Nowogród - urban area (4)";768;
2007045;"Nowogród - rural area (5)";578;
2007052;"Piątnica (2)";3093;
2007062;"Przytuły (2)";500;
2007072;"Śniadowo (2)";1600;
2007082;"Wizna (2)";1224;
2007092;"Zbójna (2)";1279;
2008000;"Powiat moniecki";13411;
2008013;"Goniądz (3)";1728;
2008014;"Goniądz - urban area (4)";705;
2008015;"Goniądz - rural area (5)";1023;
2008022;"Jasionówka (2)";904;
2008032;"Jaświły (2)";1529;
2008043;"Knyszyn (3)";1572;
2008044;"Knyszyn - urban area (4)";958;
2008045;"Knyszyn - rural area (5)";614;
2008052;"Krypno (2)";1237;
2008063;"Mońki (3)";5112;
2008064;"Mońki - urban area (4)";3707;
2008065;"Mońki - rural area (5)";1405;
2008072;"Trzcianne (2)";1329;
2009000;"Powiat sejneński";7048;
2009011;"Sejny (1)";2015;
2009022;"Giby (2)";1048;
2009032;"Krasnopol (2)";1386;
2009042;"Puńsk (2)";1238;
2009052;"Sejny (2)";1361;
2010000;"Powiat siemiatycki";17538;
2010011;"Siemiatycze (1)";5619;
2010023;"Drohiczyn (3)";2343;
2010024;"Drohiczyn - urban area (4)";787;
2010025;"Drohiczyn - rural area (5)";1556;
2010032;"Dziadkowice (2)";858;
2010042;"Grodzisk (2)";1456;
2010052;"Mielnik (2)";1282;
2010062;"Milejczyce (2)";918;
2010072;"Nurzec-Stacja (2)";1785;
2010082;"Perlejewo (2)";981;
2010092;"Siemiatycze (2)";2296;
2011000;"Powiat sokólski";24523;
2011013;"Dąbrowa Białostocka (3)";3926;
2011014;"Dąbrowa Białostocka - urban area (4)";2038;
2011015;"Dąbrowa Białostocka - rural area (5)";1888;
2011022;"Janów (2)";1345;
2011032;"Korycin (2)";996;
2011043;"Krynki (3)";1539;
2011044;"Krynki - urban area (4)";935;
2011045;"Krynki - rural area (5)";604;
2011052;"Kuźnica (2)";1541;
2011062;"Nowy Dwór (2)";964;
2011072;"Sidra (2)";1310;
2011083;"Sokółka (3)";9237;
2011084;"Sokółka - urban area (4)";6817;
2011085;"Sokółka - rural area (5)";2420;
2011093;"Suchowola (3)";2185;
2011094;"Suchowola - urban area (4)";786;
2011095;"Suchowola - rural area (5)";1399;
2011102;"Szudziałowo (2)";1480;
2012000;"Powiat suwalski";11567;
2012012;"Bakałarzewo (2)";972;
2012022;"Filipów (2)";1466;
2012032;"Jeleniewo (2)";987;
2012042;"Przerośl (2)";940;
2012052;"Raczki (2)";1733;
2012062;"Rutka-Tartak (2)";720;
2012072;"Suwałki (2)";2849;
2012082;"Szypliszki (2)";1251;
2012092;"Wiżajny (2)";649;
2013000;"Powiat wysokomazowiecki";18050;
2013011;"Wysokie Mazowieckie (1)";3566;
2013023;"Ciechanowiec (3)";3130;
2013024;"Ciechanowiec - urban area (4)";1776;
2013025;"Ciechanowiec - rural area (5)";1354;
2013033;"Czyżew (3)";2012;
2013034;"Czyżew - urban area (4)";912;
2013035;"Czyżew - rural area (5)";1100;
2013042;"Klukowo (2)";1180;
2013052;"Kobylin-Borzymy (2)";887;
2013062;"Kulesze Kościelne (2)";809;
2013072;"Nowe Piekuty (2)";1036;
2013082;"Sokoły (2)";1736;
2013093;"Szepietowo (3)";2089;
2013094;"Szepietowo - urban area (4)";689;
2013095;"Szepietowo - rural area (5)";1400;
2013102;"Wysokie Mazowieckie (2)";1605;
2014000;"Powiat zambrowski";14830;
2014011;"Zambrów (1)";8494;
2014022;"Kołaki Kościelne (2)";644;
2014032;"Rutki (2)";1623;
2014042;"Szumowo (2)";1364;
2014052;"Zambrów (2)";2705;
2061000;"City with powiat status Białystok";138627;
2061011;"Białystok (1)";138627;
2062000;"City with powiat status Łomża";24897;
2062011;"Łomża (1)";24897;
2063000;"City with powiat status Suwałki";27712;
2063011;"Suwałki (1)";27712;
2200000;"POMORSKIE";951143;
2201000;"Powiat bytowski";24912;
2201012;"Borzytuchom (2)";937;
2201023;"Bytów (3)";8770;
2201024;"Bytów - urban area (4)";6373;
2201025;"Bytów - rural area (5)";2397;
2201032;"Czarna Dąbrówka (2)";1751;
2201042;"Kołczygłowy (2)";1209;
2201052;"Lipnica (2)";1408;
2201063;"Miastko (3)";6512;
2201064;"Miastko - urban area (4)";3827;
2201065;"Miastko - rural area (5)";2685;
2201072;"Parchowo (2)";962;
2201082;"Studzienice (2)";1114;
2201092;"Trzebielino (2)";1091;
2201102;"Tuchomie (2)";1158;
2202000;"Powiat chojnicki";32039;
2202011;"Chojnice (1)";14896;
2202023;"Brusy (3)";3969;
2202024;"Brusy - urban area (4)";1567;
2202025;"Brusy - rural area (5)";2402;
2202032;"Chojnice (2)";5737;
2202043;"Czersk (3)";6844;
2202044;"Czersk - urban area (4)";3405;
2202045;"Czersk - rural area (5)";3439;
2202052;"Konarzyny (2)";593;
2203000;"Powiat człuchowski";18889;
2203011;"Człuchów (1)";5296;
2203023;"Czarne (3)";3018;
2203024;"Czarne - urban area (4)";2040;
2203025;"Czarne - rural area (5)";978;
2203032;"Człuchów (2)";3249;
2203043;"Debrzno (3)";3104;
2203044;"Debrzno - urban area (4)";1877;
2203045;"Debrzno - rural area (5)";1227;
2203052;"Koczała (2)";1172;
2203062;"Przechlewo (2)";1915;
2203072;"Rzeczenica (2)";1135;
2204000;"Powiat gdański";45838;
2204011;"Pruszcz Gdański (1)";13280;
2204022;"Cedry Wielkie (2)";2019;
2204032;"Kolbudy (2)";7467;
2204042;"Pruszcz Gdański (2)";13408;
2204052;"Przywidz (2)";1799;
2204062;"Pszczółki (2)";3340;
2204072;"Suchy Dąb (2)";1145;
2204082;"Trąbki Wielkie (2)";3380;
2205000;"Powiat kartuski";44348;
2205012;"Chmielno (2)";1972;
2205023;"Kartuzy (3)";11109;
2205024;"Kartuzy - urban area (4)";5783;
2205025;"Kartuzy - rural area (5)";5326;
2205032;"Przodkowo (2)";2812;
2205042;"Sierakowice (2)";4911;
2205052;"Somonino (2)";3030;
2205062;"Stężyca (2)";2894;
2205072;"Sulęczyno (2)";1516;
2205083;"Żukowo (3)";16104;
2205084;"Żukowo - urban area (4)";2201;
2205085;"Żukowo - rural area (5)";13903;
2206000;"Powiat kościerski";22788;
2206011;"Kościerzyna (1)";8815;
2206022;"Dziemiany (2)";1284;
2206032;"Karsin (2)";1903;
2206042;"Kościerzyna (2)";4509;
2206052;"Liniewo (2)";1358;
2206062;"Lipusz (2)";984;
2206072;"Nowa Karczma (2)";1930;
2206082;"Stara Kiszewa (2)";2005;
2207000;"Powiat kwidzyński";27357;
2207011;"Kwidzyn (1)";14604;
2207022;"Gardeja (2)";2324;
2207032;"Kwidzyn (2)";3271;
2207043;"Prabuty (3)";3934;
2207044;"Prabuty - urban area (4)";2810;
2207045;"Prabuty - rural area (5)";1124;
2207052;"Ryjewo (2)";1634;
2207062;"Sadlinki (2)";1590;
2208000;"Powiat lęborski";24014;
2208011;"Lębork (1)";13979;
2208021;"Łeba (1)";1623;
2208032;"Cewice (2)";2440;
2208042;"Nowa Wieś Lęborska (2)";3996;
2208052;"Wicko (2)";1976;
2209000;"Powiat malborski";22908;
2209011;"Malbork (1)";15331;
2209032;"Lichnowy (2)";1340;
2209042;"Malbork (2)";1507;
2209062;"Miłoradz (2)";885;
2209073;"Nowy Staw (3)";2446;
2209074;"Nowy Staw - urban area (4)";1501;
2209075;"Nowy Staw - rural area (5)";945;
2209082;"Stare Pole (2)";1399;
2210000;"Powiat nowodworski";13445;
2210011;"Krynica Morska (1)";575;
2210023;"Nowy Dwór Gdański (3)";6115;
2210024;"Nowy Dwór Gdański - urban area (4)";3737;
2210025;"Nowy Dwór Gdański - rural area (5)";2378;
2210032;"Ostaszewo (2)";969;
2210042;"Stegna (2)";3988;
2210052;"Sztutowo (2)";1798;
2211000;"Powiat pucki";34057;
2211011;"Hel (1)";1818;
2211023;"Jastarnia (3)";1783;
2211024;"Jastarnia - urban area (4)";936;
2211025;"Jastarnia - rural area (5)";847;
2211031;"Puck (1)";4422;
2211043;"Władysławowo (3)";7069;
2211044;"Władysławowo - urban area (4)";4439;
2211045;"Władysławowo - rural area (5)";2630;
2211052;"Kosakowo (2)";7749;
2211062;"Krokowa (2)";3745;
2211072;"Puck (2)";7471;
2212000;"Powiat słupski";35464;
2212011;"Ustka (1)";7693;
2212022;"Damnica (2)";1771;
2212032;"Dębnica Kaszubska (2)";3043;
2212042;"Główczyce (2)";2610;
2212053;"Kępice (3)";3021;
2212054;"Kępice - urban area (4)";1344;
2212055;"Kępice - rural area (5)";1677;
2212062;"Kobylnica (2)";4752;
2212072;"Potęgowo (2)";2004;
2212082;"Redzikowo (2)";6481;
2212092;"Smołdzino (2)";1152;
2212102;"Ustka (2)";2937;
2213000;"Powiat starogardzki";42327;
2213013;"Czarna Woda (3)";1096;
2213014;"Czarna Woda - urban area (4)";963;
2213015;"Czarna Woda - rural area (5)";133;
2213021;"Skórcz (1)";1131;
2213031;"Starogard Gdański (1)";17658;
2213042;"Bobowo (2)";808;
2213052;"Kaliska (2)";1602;
2213062;"Lubichowo (2)";2263;
2213072;"Osieczna (2)";907;
2213082;"Osiek (2)";1111;
2213093;"Skarszewy (3)";4719;
2213094;"Skarszewy - urban area (4)";2371;
2213095;"Skarszewy - rural area (5)";2348;
2213102;"Skórcz (2)";1246;
2213112;"Smętowo Graniczne (2)";1447;
2213122;"Starogard Gdański (2)";4669;
2213132;"Zblewo (2)";3670;
2214000;"Powiat tczewski";40359;
2214011;"Tczew (1)";23808;
2214023;"Gniew (3)";4714;
2214024;"Gniew - urban area (4)";2381;
2214025;"Gniew - rural area (5)";2333;
2214032;"Morzeszczyn (2)";1031;
2214043;"Pelplin (3)";4683;
2214044;"Pelplin - urban area (4)";2628;
2214045;"Pelplin - rural area (5)";2055;
2214052;"Subkowy (2)";1466;
2214062;"Tczew (2)";4657;
2215000;"Powiat wejherowski";79076;
2215011;"Reda (1)";10978;
2215021;"Rumia (1)";20999;
2215031;"Wejherowo (1)";19316;
2215042;"Choczewo (2)";1923;
2215052;"Gniewino (2)";2097;
2215062;"Linia (2)";1708;
2215072;"Luzino (2)";4617;
2215082;"Łęczyce (2)";3112;
2215092;"Szemud (2)";5665;
2215102;"Wejherowo (2)";8661;
2216000;"Powiat sztumski";13320;
2216013;"Dzierzgoń (3)";2980;
2216014;"Dzierzgoń - urban area (4)";1843;
2216015;"Dzierzgoń - rural area (5)";1137;
2216022;"Mikołajki Pomorskie (2)";1020;
2216032;"Stary Dzierzgoń (2)";1198;
2216042;"Stary Targ (2)";1834;
2216053;"Sztum (3)";6288;
2216054;"Sztum - urban area (4)";3716;
2216055;"Sztum - rural area (5)";2572;
2261000;"City with powiat status Gdańsk";249820;
2261011;"Gdańsk (1)";249820;
2262000;"City with powiat status Gdynia";119637;
2262011;"Gdynia (1)";119637;
2263000;"City with powiat status Słupsk";41040;
2263011;"Słupsk (1)";41040;
2264000;"City with powiat status Sopot";19505;
2264011;"Sopot (1)";19505;
2400000;"ŚLĄSKIE";1825580;
2401000;"Powiat będziński";62934;
2401011;"Będzin (1)";25378;
2401021;"Czeladź (1)";14610;
2401031;"Wojkowice (1)";3682;
2401042;"Bobrowniki (2)";4159;
2401052;"Mierzęcice (2)";2758;
2401062;"Psary (2)";4770;
2401073;"Siewierz (3)";5046;
2401074;"Siewierz - urban area (4)";2552;
2401075;"Siewierz - rural area (5)";2494;
2401081;"Sławków (1)";2531;
2402000;"Powiat bielski";54480;
2402011;"Szczyrk (1)";2242;
2402022;"Bestwina (2)";3245;
2402032;"Buczkowice (2)";3429;
2402043;"Czechowice-Dziedzice (3)";16538;
2402044;"Czechowice-Dziedzice - urban area (4)";13700;
2402045;"Czechowice-Dziedzice - rural area (5)";2838;
2402052;"Jasienica (2)";7899;
2402062;"Jaworze (2)";2511;
2402072;"Kozy (2)";3615;
2402082;"Porąbka (2)";4456;
2402093;"Wilamowice (3)";5626;
2402094;"Wilamowice - urban area (4)";1038;
2402095;"Wilamowice - rural area (5)";4588;
2402102;"Wilkowice (2)";4919;
2403000;"Powiat cieszyński";64954;
2403011;"Cieszyn (1)";13752;
2403021;"Ustroń (1)";7689;
2403031;"Wisła (1)";5344;
2403042;"Brenna (2)";5096;
2403052;"Chybie (2)";2683;
2403062;"Dębowiec (2)";1871;
2403072;"Goleszów (2)";4435;
2403082;"Hażlach (2)";3496;
2403092;"Istebna (2)";3973;
2403103;"Skoczów (3)";8663;
2403104;"Skoczów - urban area (4)";5153;
2403105;"Skoczów - rural area (5)";3510;
2403113;"Strumień (3)";4223;
2403114;"Strumień - urban area (4)";1253;
2403115;"Strumień - rural area (5)";2970;
2403122;"Zebrzydowice (2)";3729;
2404000;"Powiat częstochowski";47558;
2404013;"Blachownia (3)";4883;
2404014;"Blachownia - urban area (4)";3705;
2404015;"Blachownia - rural area (5)";1178;
2404022;"Dąbrowa Zielona (2)";1487;
2404032;"Janów (2)";2462;
2404042;"Kamienica Polska (2)";1959;
2404052;"Kłomnice (2)";4757;
2404063;"Koniecpol (3)";3603;
2404064;"Koniecpol - urban area (4)";2302;
2404065;"Koniecpol - rural area (5)";1301;
2404072;"Konopiska (2)";3386;
2404082;"Kruszyna (2)";1725;
2404092;"Lelów (2)";1903;
2404102;"Mstów (2)";3572;
2404112;"Mykanów (2)";4848;
2404122;"Olsztyn (2)";2862;
2404132;"Poczesna (2)";4204;
2404142;"Przyrów (2)";1549;
2404152;"Rędziny (2)";3361;
2404162;"Starcza (2)";997;
2405000;"Powiat gliwicki";40627;
2405011;"Knurów (1)";14922;
2405021;"Pyskowice (1)";7240;
2405032;"Gierałtowice (2)";3538;
2405042;"Pilchowice (2)";3611;
2405052;"Rudziniec (2)";3631;
2405063;"Sośnicowice (3)";2758;
2405064;"Sośnicowice - urban area (4)";615;
2405065;"Sośnicowice - rural area (5)";2143;
2405073;"Toszek (3)";3218;
2405074;"Toszek - urban area (4)";1341;
2405075;"Toszek - rural area (5)";1877;
2405082;"Wielowieś (2)";1709;
2406000;"Powiat kłobucki";27371;
2406013;"Kłobuck (3)";6823;
2406014;"Kłobuck - urban area (4)";4614;
2406015;"Kłobuck - rural area (5)";2209;
2406023;"Krzepice (3)";2871;
2406024;"Krzepice - urban area (4)";1505;
2406025;"Krzepice - rural area (5)";1366;
2406032;"Lipie (2)";2056;
2406042;"Miedźno (2)";2222;
2406052;"Opatów (2)";1856;
2406062;"Panki (2)";1688;
2406072;"Popów (2)";1951;
2406082;"Przystajń (2)";2069;
2406092;"Wręczyca Wielka (2)";5835;
2407000;"Powiat lubliniecki";25518;
2407011;"Lubliniec (1)";9232;
2407022;"Boronów (2)";1042;
2407032;"Ciasna (2)";2266;
2407042;"Herby (2)";2324;
2407052;"Kochanowice (2)";1996;
2407062;"Koszęcin (2)";3819;
2407072;"Pawonków (2)";1864;
2407083;"Woźniki (3)";2975;
2407084;"Woźniki - urban area (4)";1356;
2407085;"Woźniki - rural area (5)";1619;
2408000;"Powiat mikołowski";36454;
2408011;"Łaziska Górne (1)";8439;
2408021;"Mikołów (1)";16884;
2408031;"Orzesze (1)";6248;
2408042;"Ornontowice (2)";1950;
2408052;"Wyry (2)";2933;
2409000;"Powiat myszkowski";26347;
2409011;"Myszków (1)";12143;
2409023;"Koziegłowy (3)";5290;
2409024;"Koziegłowy - urban area (4)";962;
2409025;"Koziegłowy - rural area (5)";4328;
2409032;"Niegowa (2)";1669;
2409042;"Poraj (2)";4163;
2409053;"Żarki (3)";3082;
2409054;"Żarki - urban area (4)";1605;
2409055;"Żarki - rural area (5)";1477;
2410000;"Powiat pszczyński";34370;
2410012;"Goczałkowice-Zdrój (2)";2147;
2410022;"Kobiór (2)";1794;
2410032;"Miedźna (2)";5002;
2410042;"Pawłowice (2)";5268;
2410053;"Pszczyna (3)";16657;
2410054;"Pszczyna - urban area (4)";9440;
2410055;"Pszczyna - rural area (5)";7217;
2410062;"Suszec (2)";3502;
2411000;"Powiat raciborski";36816;
2411011;"Racibórz (1)";21074;
2411022;"Kornowac (2)";1460;
2411033;"Krzanowice (3)";1695;
2411034;"Krzanowice - urban area (4)";646;
2411035;"Krzanowice - rural area (5)";1049;
2411042;"Krzyżanowice (2)";3181;
2411053;"Kuźnia Raciborska (3)";3696;
2411054;"Kuźnia Raciborska - urban area (4)";1780;
2411055;"Kuźnia Raciborska - rural area (5)";1916;
2411062;"Nędza (2)";2074;
2411072;"Pietrowice Wielkie (2)";2045;
2411082;"Rudnik (2)";1591;
2412000;"Powiat rybnicki";24723;
2412013;"Czerwionka-Leszczyny (3)";14560;
2412014;"Czerwionka-Leszczyny - urban area (4)";10484;
2412015;"Czerwionka-Leszczyny - rural area (5)";4076;
2412022;"Gaszowice (2)";2825;
2412032;"Jejkowice (2)";1062;
2412042;"Lyski (2)";2722;
2412052;"Świerklany (2)";3554;
2413000;"Powiat tarnogórski";51578;
2413011;"Kalety (1)";3202;
2413021;"Miasteczko Śląskie (1)";2476;
2413031;"Radzionków (1)";5959;
2413041;"Tarnowskie Góry (1)";24892;
2413052;"Krupski Młyn (2)";1240;
2413062;"Ożarowice (2)";1835;
2413072;"Świerklaniec (2)";4007;
2413082;"Tworóg (2)";2723;
2413092;"Zbrosławice (2)";5244;
2414000;"Powiat bieruńsko-lędziński";19016;
2414011;"Bieruń (1)";6182;
2414021;"Imielin (1)";3377;
2414031;"Lędziny (1)";5427;
2414042;"Bojszowy (2)";2139;
2414052;"Chełm Śląski (2)";1891;
2415000;"Powiat wodzisławski";50261;
2415011;"Pszów (1)";4522;
2415021;"Radlin (1)";5815;
2415031;"Rydułtowy (1)";7113;
2415041;"Wodzisław Śląski (1)";17262;
2415052;"Godów (2)";4118;
2415062;"Gorzyce (2)";5790;
2415072;"Lubomia (2)";2118;
2415082;"Marklowice (2)";1416;
2415092;"Mszana (2)";2107;
2416000;"Powiat zawierciański";48249;
2416011;"Poręba (1)";3629;
2416021;"Zawiercie (1)";21495;
2416032;"Irządze (2)";963;
2416042;"Kroczyce (2)";2101;
2416053;"Łazy (3)";6801;
2416054;"Łazy - urban area (4)";2894;
2416055;"Łazy - rural area (5)";3907;
2416063;"Ogrodzieniec (3)";3539;
2416064;"Ogrodzieniec - urban area (4)";1754;
2416065;"Ogrodzieniec - rural area (5)";1785;
2416073;"Pilica (3)";3020;
2416074;"Pilica - urban area (4)";759;
2416075;"Pilica - rural area (5)";2261;
2416083;"Szczekociny (3)";3258;
2416084;"Szczekociny - urban area (4)";1586;
2416085;"Szczekociny - rural area (5)";1672;
2416092;"Włodowice (2)";2002;
2416102;"Żarnowiec (2)";1441;
2417000;"Powiat żywiecki";53426;
2417011;"Żywiec (1)";12217;
2417022;"Czernichów (2)";2565;
2417032;"Gilowice (2)";1997;
2417042;"Jeleśnia (2)";4580;
2417052;"Koszarawa (2)";1064;
2417062;"Lipowa (2)";3549;
2417072;"Łękawica (2)";1510;
2417082;"Łodygowice (2)";4749;
2417092;"Milówka (2)";3439;
2417102;"Radziechowy-Wieprz (2)";3764;
2417112;"Rajcza (2)";3459;
2417122;"Ślemień (2)";1240;
2417132;"Świnna (2)";2612;
2417142;"Ujsoły (2)";1886;
2417152;"Węgierska Górka (2)";4795;
2461000;"City with powiat status Bielsko-Biała";75140;
2461011;"Bielsko-Biała (1)";75140;
2462000;"City with powiat status Bytom";74157;
2462011;"Bytom (1)";74157;
2463000;"City with powiat status Chorzów";54085;
2463011;"Chorzów (1)";54085;
2464000;"City with powiat status Częstochowa";100253;
2464011;"Częstochowa (1)";100253;
2465000;"City with powiat status Dąbrowa Górnicza";51419;
2465011;"Dąbrowa Górnicza (1)";51419;
2466000;"City with powiat status Gliwice";81651;
2466011;"Gliwice (1)";81651;
2467000;"City with powiat status Jastrzębie-Zdrój";32761;
2467011;"Jastrzębie-Zdrój (1)";32761;
2468000;"City with powiat status Jaworzno";36464;
2468011;"Jaworzno (1)";36464;
2469000;"City with powiat status Katowice";154471;
2469011;"Katowice (1)";154471;
2470000;"City with powiat status Mysłowice";30285;
2470011;"Mysłowice (1)";30285;
2471000;"City with powiat status Piekary Śląskie";22799;
2471011;"Piekary Śląskie (1)";22799;
2472000;"City with powiat status Ruda Śląska";60737;
2472011;"Ruda Śląska (1)";60737;
2473000;"City with powiat status Rybnik";52016;
2473011;"Rybnik (1)";52016;
2474000;"City with powiat status Siemianowice Śląskie";31669;
2474011;"Siemianowice Śląskie (1)";31669;
2475000;"City with powiat status Sosnowiec";93494;
2475011;"Sosnowiec (1)";93494;
2476000;"City with powiat status Świętochłowice";23045;
2476011;"Świętochłowice (1)";23045;
2477000;"City with powiat status Tychy";52686;
2477011;"Tychy (1)";52686;
2478000;"City with powiat status Zabrze";71177;
2478011;"Zabrze (1)";71177;
2479000;"City with powiat status Żory";22589;
2479011;"Żory (1)";22589;
2600000;"ŚWIĘTOKRZYSKIE";455180;
2601000;"Powiat buski";25418;
2601013;"Busko-Zdrój (3)";12084;
2601014;"Busko-Zdrój - urban area (4)";6639;
2601015;"Busko-Zdrój - rural area (5)";5445;
2601022;"Gnojno (2)";1413;
2601033;"Nowy Korczyn (3)";2100;
2601034;"Nowy Korczyn - urban area (4)";378;
2601035;"Nowy Korczyn - rural area (5)";1722;
2601043;"Pacanów (3)";2546;
2601044;"Pacanów - urban area (4)";399;
2601045;"Pacanów - rural area (5)";2147;
2601052;"Solec-Zdrój (2)";1703;
2601063;"Stopnica (3)";2535;
2601064;"Stopnica - urban area (4)";457;
2601065;"Stopnica - rural area (5)";2078;
2601072;"Tuczępy (2)";1179;
2601083;"Wiślica (3)";1858;
2601084;"Wiślica - urban area (4)";213;
2601085;"Wiślica - rural area (5)";1645;
2602000;"Powiat jędrzejowski";30416;
2602012;"Imielno (2)";1571;
2602023;"Jędrzejów (3)";10257;
2602024;"Jędrzejów - urban area (4)";6197;
2602025;"Jędrzejów - rural area (5)";4060;
2602033;"Małogoszcz (3)";3721;
2602034;"Małogoszcz - urban area (4)";1381;
2602035;"Małogoszcz - rural area (5)";2340;
2602042;"Nagłowice (2)";1728;
2602052;"Oksa (2)";1643;
2602063;"Sędziszów (3)";4720;
2602064;"Sędziszów - urban area (4)";2377;
2602065;"Sędziszów - rural area (5)";2343;
2602072;"Słupia (2)";1442;
2602082;"Sobków (2)";2703;
2602093;"Wodzisław (3)";2631;
2602094;"Wodzisław - urban area (4)";473;
2602095;"Wodzisław - rural area (5)";2158;
2603000;"Powiat kazimierski";10929;
2603012;"Bejsce (2)";1293;
2603022;"Czarnocin (2)";1236;
2603033;"Kazimierza Wielka (3)";5192;
2603034;"Kazimierza Wielka - urban area (4)";2008;
2603035;"Kazimierza Wielka - rural area (5)";3184;
2603043;"Opatowiec (3)";1286;
2603044;"Opatowiec - urban area (4)";172;
2603045;"Opatowiec - rural area (5)";1114;
2603053;"Skalbmierz (3)";1922;
2603054;"Skalbmierz - urban area (4)";440;
2603055;"Skalbmierz - rural area (5)";1482;
2604000;"Powiat kielecki";63795;
2604012;"Bieliny (2)";2511;
2604023;"Bodzentyn (3)";3484;
2604024;"Bodzentyn - urban area (4)";835;
2604025;"Bodzentyn - rural area (5)";2649;
2604033;"Chęciny (3)";4843;
2604034;"Chęciny - urban area (4)";1524;
2604035;"Chęciny - rural area (5)";3319;
2604043;"Chmielnik (3)";3834;
2604044;"Chmielnik - urban area (4)";1557;
2604045;"Chmielnik - rural area (5)";2277;
2604053;"Daleszyce (3)";5162;
2604054;"Daleszyce - urban area (4)";984;
2604055;"Daleszyce - rural area (5)";4178;
2604062;"Górno (2)";3649;
2604073;"Łagów (3)";2039;
2604074;"Łagów - urban area (4)";522;
2604075;"Łagów - rural area (5)";1517;
2604082;"Łopuszno (2)";2396;
2604092;"Masłów (2)";3545;
2604102;"Miedziana Góra (2)";3342;
2604112;"Mniów (2)";2500;
2604123;"Morawica (3)";5362;
2604124;"Morawica - urban area (4)";566;
2604125;"Morawica - rural area (5)";4796;
2604133;"Nowa Słupia (3)";2898;
2604134;"Nowa Słupia - urban area (4)";481;
2604135;"Nowa Słupia - rural area (5)";2417;
2604142;"Piekoszów (2)";4754;
2604153;"Pierzchnica (3)";1654;
2604154;"Pierzchnica - urban area (4)";372;
2604155;"Pierzchnica - rural area (5)";1282;
2604162;"Raków (2)";2099;
2604172;"Nowiny (2)";2705;
2604182;"Strawczyn (2)";3029;
2604192;"Zagnańsk (2)";3989;
2605000;"Powiat konecki";29999;
2605012;"Fałków (2)";1688;
2605022;"Gowarczów (2)";1681;
2605033;"Końskie (3)";13458;
2605034;"Końskie - urban area (4)";7867;
2605035;"Końskie - rural area (5)";5591;
2605043;"Radoszyce (3)";2871;
2605044;"Radoszyce - urban area (4)";1019;
2605045;"Radoszyce - rural area (5)";1852;
2605052;"Ruda Maleniecka (2)";1452;
2605062;"Słupia Konecka (2)";1086;
2605072;"Smyków (2)";1293;
2605083;"Stąporków (3)";6470;
2605084;"Stąporków - urban area (4)";2098;
2605085;"Stąporków - rural area (5)";4372;
2606000;"Powiat opatowski";18451;
2606012;"Baćkowice (2)";1479;
2606022;"Iwaniska (2)";2070;
2606032;"Lipnik (2)";1713;
2606043;"Opatów (3)";4312;
2606044;"Opatów - urban area (4)";2584;
2606045;"Opatów - rural area (5)";1728;
2606053;"Ożarów (3)";4015;
2606054;"Ożarów - urban area (4)";1751;
2606055;"Ożarów - rural area (5)";2264;
2606062;"Sadowie (2)";1390;
2606072;"Tarłów (2)";2044;
2606082;"Wojciechowice (2)";1428;
2607000;"Powiat ostrowiecki";41209;
2607011;"Ostrowiec Świętokrzyski (1)";27742;
2607022;"Bałtów (2)";1191;
2607032;"Bodzechów (2)";4462;
2607043;"Ćmielów (3)";2746;
2607044;"Ćmielów - urban area (4)";1155;
2607045;"Ćmielów - rural area (5)";1591;
2607053;"Kunów (3)";3219;
2607054;"Kunów - urban area (4)";1020;
2607055;"Kunów - rural area (5)";2199;
2607062;"Waśniów (2)";1849;
2608000;"Powiat pińczowski";14692;
2608013;"Działoszyce (3)";2166;
2608014;"Działoszyce - urban area (4)";440;
2608015;"Działoszyce - rural area (5)";1726;
2608022;"Kije (2)";1717;
2608032;"Michałów (2)";1670;
2608043;"Pińczów (3)";7607;
2608044;"Pińczów - urban area (4)";4178;
2608045;"Pińczów - rural area (5)";3429;
2608052;"Złota (2)";1532;
2609000;"Powiat sandomierski";26096;
2609011;"Sandomierz (1)";9413;
2609022;"Dwikozy (2)";2870;
2609033;"Klimontów (3)";2457;
2609034;"Klimontów - urban area (4)";645;
2609035;"Klimontów - rural area (5)";1812;
2609043;"Koprzywnica (3)";1996;
2609044;"Koprzywnica - urban area (4)";815;
2609045;"Koprzywnica - rural area (5)";1181;
2609052;"Łoniów (2)";2114;
2609062;"Obrazów (2)";1930;
2609072;"Samborzec (2)";2505;
2609082;"Wilczyce (2)";1155;
2609093;"Zawichost (3)";1656;
2609094;"Zawichost - urban area (4)";709;
2609095;"Zawichost - rural area (5)";947;
2610000;"Powiat skarżyski";30176;
2610011;"Skarżysko-Kamienna (1)";19802;
2610022;"Bliżyn (2)";2935;
2610032;"Łączna (2)";1631;
2610042;"Skarżysko Kościelne (2)";1889;
2610053;"Suchedniów (3)";3919;
2610054;"Suchedniów - urban area (4)";3262;
2610055;"Suchedniów - rural area (5)";657;
2611000;"Powiat starachowicki";32924;
2611011;"Starachowice (1)";20630;
2611022;"Brody (2)";3402;
2611032;"Mirzec (2)";2301;
2611042;"Pawłów (2)";4022;
2611053;"Wąchock (3)";2569;
2611054;"Wąchock - urban area (4)";1131;
2611055;"Wąchock - rural area (5)";1438;
2612000;"Powiat staszowski";24358;
2612012;"Bogoria (2)";2390;
2612022;"Łubnice (2)";1426;
2612033;"Oleśnica (3)";1243;
2612034;"Oleśnica - urban area (4)";618;
2612035;"Oleśnica - rural area (5)";625;
2612043;"Osiek (3)";2372;
2612044;"Osiek - urban area (4)";642;
2612045;"Osiek - rural area (5)";1730;
2612053;"Połaniec (3)";4110;
2612054;"Połaniec - urban area (4)";3021;
2612055;"Połaniec - rural area (5)";1089;
2612062;"Rytwiany (2)";2120;
2612073;"Staszów (3)";9007;
2612074;"Staszów - urban area (4)";5547;
2612075;"Staszów - rural area (5)";3460;
2612083;"Szydłów (3)";1690;
2612084;"Szydłów - urban area (4)";395;
2612085;"Szydłów - rural area (5)";1295;
2613000;"Powiat włoszczowski";16711;
2613012;"Kluczewsko (2)";1803;
2613022;"Krasocin (2)";3460;
2613032;"Moskorzew (2)";1048;
2613042;"Radków (2)";1104;
2613052;"Secemin (2)";1939;
2613063;"Włoszczowa (3)";7357;
2613064;"Włoszczowa - urban area (4)";4107;
2613065;"Włoszczowa - rural area (5)";3250;
2661000;"City with powiat status Kielce";90006;
2661011;"Kielce (1)";90006;
2800000;"WARMIŃSKO-MAZURSKIE";534573;
2801000;"Powiat bartoszycki";20866;
2801011;"Bartoszyce (1)";9255;
2801021;"Górowo Iławeckie (1)";1564;
2801032;"Bartoszyce (2)";3517;
2801043;"Bisztynek (3)";2175;
2801044;"Bisztynek - urban area (4)";806;
2801045;"Bisztynek - rural area (5)";1369;
2801052;"Górowo Iławeckie (2)";2188;
2801063;"Sępopol (3)";2167;
2801064;"Sępopol - urban area (4)";743;
2801065;"Sępopol - rural area (5)";1424;
2802000;"Powiat braniewski";14464;
2802011;"Braniewo (1)";6517;
2802022;"Braniewo (2)";1839;
2802033;"Frombork (3)";1284;
2802034;"Frombork - urban area (4)";870;
2802035;"Frombork - rural area (5)";414;
2802042;"Lelkowo (2)";1012;
2802053;"Pieniężno (3)";2061;
2802054;"Pieniężno - urban area (4)";1000;
2802055;"Pieniężno - rural area (5)";1061;
2802062;"Płoskinia (2)";811;
2802072;"Wilczęta (2)";940;
2803000;"Powiat działdowski";22245;
2803011;"Działdowo (1)";8264;
2803022;"Działdowo (2)";3123;
2803032;"Iłowo-Osada (2)";2302;
2803043;"Lidzbark (3)";4835;
2803044;"Lidzbark - urban area (4)";2949;
2803045;"Lidzbark - rural area (5)";1886;
2803052;"Płośnica (2)";1646;
2803062;"Rybno (2)";2075;
2804000;"Powiat elbląski";18633;
2804012;"Elbląg (2)";2299;
2804022;"Godkowo (2)";1020;
2804032;"Gronowo Elbląskie (2)";1508;
2804042;"Markusy (2)";1143;
2804052;"Milejewo (2)";1021;
2804063;"Młynary (3)";1418;
2804064;"Młynary - urban area (4)";610;
2804065;"Młynary - rural area (5)";808;
2804073;"Pasłęk (3)";6948;
2804074;"Pasłęk - urban area (4)";4758;
2804075;"Pasłęk - rural area (5)";2190;
2804082;"Rychliki (2)";1191;
2804093;"Tolkmicko (3)";2085;
2804094;"Tolkmicko - urban area (4)";857;
2804095;"Tolkmicko - rural area (5)";1228;
2805000;"Powiat ełcki";34355;
2805011;"Ełk (1)";24668;
2805022;"Ełk (2)";4097;
2805032;"Kalinowo (2)";2006;
2805042;"Prostki (2)";2243;
2805052;"Stare Juchy (2)";1341;
2806000;"Powiat giżycki";22301;
2806011;"Giżycko (1)";12607;
2806042;"Giżycko (2)";3068;
2806052;"Kruklanki (2)";1051;
2806062;"Miłki (2)";1345;
2806083;"Ryn (3)";2123;
2806084;"Ryn - urban area (4)";1116;
2806085;"Ryn - rural area (5)";1007;
2806102;"Wydminy (2)";2107;
2807000;"Powiat iławski";32275;
2807011;"Iława (1)";13780;
2807021;"Lubawa (1)";4235;
2807032;"Iława (2)";3753;
2807043;"Kisielice (3)";1745;
2807044;"Kisielice - urban area (4)";719;
2807045;"Kisielice - rural area (5)";1026;
2807052;"Lubawa (2)";2880;
2807063;"Susz (3)";3760;
2807064;"Susz - urban area (4)";1804;
2807065;"Susz - rural area (5)";1956;
2807073;"Zalewo (3)";2122;
2807074;"Zalewo - urban area (4)";697;
2807075;"Zalewo - rural area (5)";1425;
2808000;"Powiat kętrzyński";23739;
2808011;"Kętrzyn (1)";11218;
2808022;"Barciany (2)";2205;
2808032;"Kętrzyn (2)";2704;
2808043;"Korsze (3)";3458;
2808044;"Korsze - urban area (4)";1631;
2808045;"Korsze - rural area (5)";1827;
2808053;"Reszel (3)";2789;
2808054;"Reszel - urban area (4)";1780;
2808055;"Reszel - rural area (5)";1009;
2808062;"Srokowo (2)";1365;
2809000;"Powiat lidzbarski";15201;
2809011;"Lidzbark Warmiński (1)";6524;
2809022;"Kiwity (2)";994;
2809032;"Lidzbark Warmiński (2)";2143;
2809042;"Lubomino (2)";1084;
2809053;"Orneta (3)";4456;
2809054;"Orneta - urban area (4)";3426;
2809055;"Orneta - rural area (5)";1030;
2810000;"Powiat mrągowski";18440;
2810011;"Mrągowo (1)";8885;
2810023;"Mikołajki (3)";2918;
2810024;"Mikołajki - urban area (4)";1470;
2810025;"Mikołajki - rural area (5)";1448;
2810032;"Mrągowo (2)";2702;
2810042;"Piecki (2)";2467;
2810052;"Sorkwity (2)";1468;
2811000;"Powiat nidzicki";10940;
2811012;"Janowiec Kościelny (2)";918;
2811022;"Janowo (2)";920;
2811032;"Kozłowo (2)";1721;
2811043;"Nidzica (3)";7381;
2811044;"Nidzica - urban area (4)";5029;
2811045;"Nidzica - rural area (5)";2352;
2812000;"Powiat nowomiejski";14085;
2812011;"Nowe Miasto Lubawskie (1)";4109;
2812022;"Biskupiec (2)";2898;
2812032;"Grodziczno (2)";1759;
2812042;"Kurzętnik (2)";2668;
2812052;"Bratian (2)";2651;
2813000;"Powiat olecki";12169;
2813032;"Kowale Oleckie (2)";1632;
2813043;"Olecko (3)";8173;
2813044;"Olecko - urban area (4)";6475;
2813045;"Olecko - rural area (5)";1698;
2813052;"Świętajno (2)";1344;
2813062;"Wieliczki (2)";1020;
2814000;"Powiat olsztyński";46203;
2814013;"Barczewo (3)";6341;
2814014;"Barczewo - urban area (4)";2803;
2814015;"Barczewo - rural area (5)";3538;
2814023;"Biskupiec (3)";6805;
2814024;"Biskupiec - urban area (4)";4271;
2814025;"Biskupiec - rural area (5)";2534;
2814033;"Dobre Miasto (3)";5497;
2814034;"Dobre Miasto - urban area (4)";3685;
2814035;"Dobre Miasto - rural area (5)";1812;
2814042;"Dywity (2)";4669;
2814052;"Gietrzwałd (2)";2346;
2814063;"Jeziorany (3)";2438;
2814064;"Jeziorany - urban area (4)";1074;
2814065;"Jeziorany - rural area (5)";1364;
2814072;"Jonkowo (2)";2347;
2814082;"Kolno (2)";1073;
2814093;"Olsztynek (3)";4562;
2814094;"Olsztynek - urban area (4)";2654;
2814095;"Olsztynek - rural area (5)";1908;
2814102;"Purda (2)";2910;
2814112;"Stawiguda (2)";6017;
2814122;"Świątki (2)";1198;
2815000;"Powiat ostródzki";37322;
2815011;"Ostróda (1)";13546;
2815022;"Dąbrówno (2)";1336;
2815032;"Grunwald (2)";1641;
2815042;"Łukta (2)";1470;
2815052;"Małdyty (2)";2000;
2815063;"Miłakowo (3)";1784;
2815064;"Miłakowo - urban area (4)";934;
2815065;"Miłakowo - rural area (5)";850;
2815073;"Miłomłyn (3)";1777;
2815074;"Miłomłyn - urban area (4)";865;
2815075;"Miłomłyn - rural area (5)";912;
2815083;"Morąg (3)";8575;
2815084;"Morąg - urban area (4)";5438;
2815085;"Morąg - rural area (5)";3137;
2815092;"Ostróda (2)";5193;
2816000;"Powiat piski";19450;
2816013;"Biała Piska (3)";3691;
2816014;"Biała Piska - urban area (4)";1403;
2816015;"Biała Piska - rural area (5)";2288;
2816023;"Orzysz (3)";3472;
2816024;"Orzysz - urban area (4)";2242;
2816025;"Orzysz - rural area (5)";1230;
2816033;"Pisz (3)";9182;
2816034;"Pisz - urban area (4)";6602;
2816035;"Pisz - rural area (5)";2580;
2816043;"Ruciane-Nida (3)";3105;
2816044;"Ruciane-Nida - urban area (4)";1752;
2816045;"Ruciane-Nida - rural area (5)";1353;
2817000;"Powiat szczycieński";23905;
2817011;"Szczytno (1)";9437;
2817022;"Dźwierzuty (2)";2052;
2817032;"Jedwabno (2)";1325;
2817043;"Pasym (3)";1924;
2817044;"Pasym - urban area (4)";904;
2817045;"Pasym - rural area (5)";1020;
2817052;"Rozogi (2)";1433;
2817062;"Szczytno (2)";4024;
2817072;"Świętajno (2)";1827;
2817083;"Wielbark (3)";1883;
2817084;"Wielbark - urban area (4)";970;
2817085;"Wielbark - rural area (5)";913;
2818000;"Powiat gołdapski";9337;
2818012;"Banie Mazurskie (2)";1301;
2818022;"Dubeninki (2)";1058;
2818033;"Gołdap (3)";6978;
2818034;"Gołdap - urban area (4)";5077;
2818035;"Gołdap - rural area (5)";1901;
2819000;"Powiat węgorzewski";8514;
2819012;"Budry (2)";954;
2819022;"Pozezdrze (2)";1158;
2819033;"Węgorzewo (3)";6402;
2819034;"Węgorzewo - urban area (4)";4416;
2819035;"Węgorzewo - rural area (5)";1986;
2861000;"City with powiat status Elbląg";48440;
2861011;"Elbląg (1)";48440;
2862000;"City with powiat status Olsztyn";81689;
2862011;"Olsztyn (1)";81689;
3000000;"WIELKOPOLSKIE";1328143;
3001000;"Powiat chodzieski";15632;
3001011;"Chodzież (1)";6970;
3001023;"Budzyń (3)";2549;
3001024;"Budzyń - urban area (4)";1431;
3001025;"Budzyń - rural area (5)";1118;
3001032;"Chodzież (2)";1955;
3001043;"Margonin (3)";1921;
3001044;"Margonin - urban area (4)";915;
3001045;"Margonin - rural area (5)";1006;
3001053;"Szamocin (3)";2237;
3001054;"Szamocin - urban area (4)";1307;
3001055;"Szamocin - rural area (5)";930;
3002000;"Powiat czarnkowsko-trzcianecki";28467;
3002011;"Czarnków (1)";4096;
3002022;"Czarnków (2)";3263;
3002032;"Drawsko (2)";1846;
3002043;"Krzyż Wielkopolski (3)";3057;
3002044;"Krzyż Wielkopolski - urban area (4)";2244;
3002045;"Krzyż Wielkopolski - rural area (5)";813;
3002052;"Lubasz (2)";2252;
3002062;"Połajewo (2)";1691;
3002073;"Trzcianka (3)";8452;
3002074;"Trzcianka - urban area (4)";6243;
3002075;"Trzcianka - rural area (5)";2209;
3002083;"Wieleń (3)";3810;
3002084;"Wieleń - urban area (4)";1890;
3002085;"Wieleń - rural area (5)";1920;
3003000;"Powiat gnieźnieński";54107;
3003011;"Gniezno (1)";28399;
3003023;"Czerniejewo (3)";2442;
3003024;"Czerniejewo - urban area (4)";958;
3003025;"Czerniejewo - rural area (5)";1484;
3003032;"Gniezno (2)";4393;
3003042;"Kiszkowo (2)";1670;
3003053;"Kłecko (3)";2263;
3003054;"Kłecko - urban area (4)";906;
3003055;"Kłecko - rural area (5)";1357;
3003062;"Łubowo (2)";2294;
3003072;"Mieleszyn (2)";1043;
3003082;"Niechanowo (2)";1731;
3003093;"Trzemeszno (3)";5042;
3003094;"Trzemeszno - urban area (4)";2961;
3003095;"Trzemeszno - rural area (5)";2081;
3003103;"Witkowo (3)";4830;
3003104;"Witkowo - urban area (4)";3099;
3003105;"Witkowo - rural area (5)";1731;
3004000;"Powiat gostyński";23340;
3004013;"Borek Wielkopolski (3)";2070;
3004014;"Borek Wielkopolski - urban area (4)";731;
3004015;"Borek Wielkopolski - rural area (5)";1339;
3004023;"Gostyń (3)";9878;
3004024;"Gostyń - urban area (4)";7656;
3004025;"Gostyń - rural area (5)";2222;
3004033;"Krobia (3)";3716;
3004034;"Krobia - urban area (4)";1438;
3004035;"Krobia - rural area (5)";2278;
3004042;"Pępowo (2)";1617;
3004052;"Piaski (2)";2381;
3004063;"Pogorzela (3)";1385;
3004064;"Pogorzela - urban area (4)";643;
3004065;"Pogorzela - rural area (5)";742;
3004073;"Poniec (3)";2293;
3004074;"Poniec - urban area (4)";972;
3004075;"Poniec - rural area (5)";1321;
3005000;"Powiat grodziski";15966;
3005012;"Granowo (2)";1478;
3005023;"Grodzisk Wielkopolski (3)";7220;
3005024;"Grodzisk Wielkopolski - urban area (4)";5658;
3005025;"Grodzisk Wielkopolski - rural area (5)";1562;
3005032;"Kamieniec (2)";1735;
3005043;"Rakoniewice (3)";3716;
3005044;"Rakoniewice - urban area (4)";1174;
3005045;"Rakoniewice - rural area (5)";2542;
3005053;"Wielichowo (3)";1817;
3005054;"Wielichowo - urban area (4)";522;
3005055;"Wielichowo - rural area (5)";1295;
3006000;"Powiat jarociński";23296;
3006013;"Jaraczewo (3)";2210;
3006014;"Jaraczewo - urban area (4)";446;
3006015;"Jaraczewo - rural area (5)";1764;
3006023;"Jarocin (3)";16309;
3006024;"Jarocin - urban area (4)";10726;
3006025;"Jarocin - rural area (5)";5583;
3006032;"Kotlin (2)";1962;
3006043;"Żerków (3)";2815;
3006044;"Żerków - urban area (4)";685;
3006045;"Żerków - rural area (5)";2130;
3007000;"Powiat kaliski";24327;
3007012;"Blizanów (2)";2945;
3007022;"Brzeziny (2)";1716;
3007032;"Ceków-Kolonia (2)";1373;
3007042;"Godziesze Wielkie (2)";2811;
3007053;"Koźminek (3)";2150;
3007054;"Koźminek - urban area (4)";642;
3007055;"Koźminek - rural area (5)";1508;
3007062;"Lisków (2)";1438;
3007072;"Mycielin (2)";1349;
3007083;"Opatówek (3)";3413;
3007084;"Opatówek - urban area (4)";1283;
3007085;"Opatówek - rural area (5)";2130;
3007093;"Stawiszyn (3)";2182;
3007094;"Stawiszyn - urban area (4)";491;
3007095;"Stawiszyn - rural area (5)";1691;
3007102;"Szczytniki (2)";2182;
3007112;"Żelazków (2)";2768;
3008000;"Powiat kępiński";18636;
3008012;"Baranów (2)";2535;
3008022;"Bralin (2)";1845;
3008033;"Kępno (3)";8951;
3008034;"Kępno - urban area (4)";5895;
3008035;"Kępno - rural area (5)";3056;
3008042;"Łęka Opatowska (2)";1490;
3008052;"Perzów (2)";1209;
3008062;"Rychtal (2)";1182;
3008072;"Trzcinica (2)";1424;
3009000;"Powiat kolski";29921;
3009011;"Koło (1)";8997;
3009022;"Babiak (2)";2431;
3009032;"Chodów (2)";1102;
3009043;"Dąbie (3)";2149;
3009044;"Dąbie - urban area (4)";780;
3009045;"Dąbie - rural area (5)";1369;
3009052;"Grzegorzew (2)";1673;
3009063;"Kłodawa (3)";4230;
3009064;"Kłodawa - urban area (4)";2416;
3009065;"Kłodawa - rural area (5)";1814;
3009072;"Koło (2)";2516;
3009082;"Kościelec (2)";2235;
3009092;"Olszówka (2)";1264;
3009102;"Osiek Mały (2)";1967;
3009113;"Przedecz (3)";1357;
3009114;"Przedecz - urban area (4)";632;
3009115;"Przedecz - rural area (5)";725;
3010000;"Powiat koniński";38949;
3010013;"Golina (3)";3919;
3010014;"Golina - urban area (4)";1446;
3010015;"Golina - rural area (5)";2473;
3010022;"Grodziec (2)";1424;
3010032;"Kazimierz Biskupi (2)";3553;
3010043;"Kleczew (3)";3015;
3010044;"Kleczew - urban area (4)";1358;
3010045;"Kleczew - rural area (5)";1657;
3010052;"Kramsk (2)";3418;
3010062;"Krzymów (2)";2213;
3010073;"Rychwał (3)";2260;
3010074;"Rychwał - urban area (4)";747;
3010075;"Rychwał - rural area (5)";1513;
3010082;"Rzgów (2)";1996;
3010092;"Skulsk (2)";1882;
3010103;"Sompolno (3)";3355;
3010104;"Sompolno - urban area (4)";1267;
3010105;"Sompolno - rural area (5)";2088;
3010112;"Stare Miasto (2)";3726;
3010123;"Ślesin (3)";4431;
3010124;"Ślesin - urban area (4)";1103;
3010125;"Ślesin - rural area (5)";3328;
3010132;"Wierzbinek (2)";2034;
3010142;"Wilczyn (2)";1723;
3011000;"Powiat kościański";26481;
3011011;"Kościan (1)";10075;
3011023;"Czempiń (3)";3719;
3011024;"Czempiń - urban area (4)";1595;
3011025;"Czempiń - rural area (5)";2124;
3011032;"Kościan (2)";4725;
3011043;"Krzywiń (3)";2762;
3011044;"Krzywiń - urban area (4)";534;
3011045;"Krzywiń - rural area (5)";2228;
3011053;"Śmigiel (3)";5200;
3011054;"Śmigiel - urban area (4)";1890;
3011055;"Śmigiel - rural area (5)";3310;
3012000;"Powiat krotoszyński";24693;
3012011;"Sulmierzyce (1)";786;
3012023;"Kobylin (3)";2271;
3012024;"Kobylin - urban area (4)";977;
3012025;"Kobylin - rural area (5)";1294;
3012033;"Koźmin Wielkopolski (3)";4009;
3012034;"Koźmin Wielkopolski - urban area (4)";2288;
3012035;"Koźmin Wielkopolski - rural area (5)";1721;
3012043;"Krotoszyn (3)";14032;
3012044;"Krotoszyn - urban area (4)";11030;
3012045;"Krotoszyn - rural area (5)";3002;
3012052;"Rozdrażew (2)";1257;
3012063;"Zduny (3)";2338;
3012064;"Zduny - urban area (4)";1489;
3012065;"Zduny - rural area (5)";849;
3013000;"Powiat leszczyński";18550;
3013012;"Krzemieniewo (2)";2387;
3013022;"Lipno (2)";2973;
3013033;"Osieczna (3)";2903;
3013034;"Osieczna - urban area (4)";918;
3013035;"Osieczna - rural area (5)";1985;
3013043;"Rydzyna (3)";3225;
3013044;"Rydzyna - urban area (4)";953;
3013045;"Rydzyna - rural area (5)";2272;
3013052;"Święciechowa (2)";2854;
3013062;"Wijewo (2)";1186;
3013072;"Włoszakowice (2)";3022;
3014000;"Powiat międzychodzki";13105;
3014012;"Chrzypsko Wielkie (2)";1055;
3014022;"Kwilcz (2)";2070;
3014033;"Międzychód (3)";7009;
3014034;"Międzychód - urban area (4)";4233;
3014035;"Międzychód - rural area (5)";2776;
3014043;"Sieraków (3)";2971;
3014044;"Sieraków - urban area (4)";2081;
3014045;"Sieraków - rural area (5)";890;
3015000;"Powiat nowotomyski";25466;
3015012;"Kuślin (2)";1590;
3015023;"Lwówek (3)";2891;
3015024;"Lwówek - urban area (4)";1056;
3015025;"Lwówek - rural area (5)";1835;
3015032;"Miedzichowo (2)";1358;
3015043;"Nowy Tomyśl (3)";10158;
3015044;"Nowy Tomyśl - urban area (4)";5680;
3015045;"Nowy Tomyśl - rural area (5)";4478;
3015053;"Opalenica (3)";4972;
3015054;"Opalenica - urban area (4)";3093;
3015055;"Opalenica - rural area (5)";1879;
3015063;"Zbąszyń (3)";4497;
3015064;"Zbąszyń - urban area (4)";2614;
3015065;"Zbąszyń - rural area (5)";1883;
3016000;"Powiat obornicki";20358;
3016013;"Oborniki (3)";12052;
3016014;"Oborniki - urban area (4)";6726;
3016015;"Oborniki - rural area (5)";5326;
3016023;"Rogoźno (3)";6184;
3016024;"Rogoźno - urban area (4)";4051;
3016025;"Rogoźno - rural area (5)";2133;
3016032;"Ryczywół (2)";2122;
3017000;"Powiat ostrowski";56132;
3017011;"Ostrów Wielkopolski (1)";30055;
3017023;"Nowe Skalmierzyce (3)";5061;
3017024;"Nowe Skalmierzyce - urban area (4)";1774;
3017025;"Nowe Skalmierzyce - rural area (5)";3287;
3017033;"Odolanów (3)";4129;
3017034;"Odolanów - urban area (4)";1604;
3017035;"Odolanów - rural area (5)";2525;
3017042;"Ostrów Wielkopolski (2)";5574;
3017052;"Przygodzice (2)";3568;
3017063;"Raszków (3)";3253;
3017064;"Raszków - urban area (4)";671;
3017065;"Raszków - rural area (5)";2582;
3017072;"Sieroszewice (2)";2580;
3017082;"Sośnie (2)";1912;
3018000;"Powiat ostrzeszowski";17924;
3018012;"Czajków (2)";760;
3018022;"Doruchów (2)";1375;
3018033;"Grabów nad Prosną (3)";2386;
3018034;"Grabów nad Prosną - urban area (4)";701;
3018035;"Grabów nad Prosną - rural area (5)";1685;
3018042;"Kobyla Góra (2)";2061;
3018052;"Kraszewice (2)";1041;
3018063;"Mikstat (3)";1748;
3018064;"Mikstat - urban area (4)";602;
3018065;"Mikstat - rural area (5)";1146;
3018073;"Ostrzeszów (3)";8553;
3018074;"Ostrzeszów - urban area (4)";5609;
3018075;"Ostrzeszów - rural area (5)";2944;
3019000;"Powiat pilski";48227;
3019011;"Piła (1)";29238;
3019022;"Białośliwie (2)";1396;
3019032;"Kaczory (2)";2322;
3019043;"Łobżenica (3)";2653;
3019044;"Łobżenica - urban area (4)";994;
3019045;"Łobżenica - rural area (5)";1659;
3019052;"Miasteczko Krajeńskie (2)";935;
3019062;"Szydłowo (2)";3070;
3019073;"Ujście (3)";2610;
3019074;"Ujście - urban area (4)";1271;
3019075;"Ujście - rural area (5)";1339;
3019083;"Wyrzysk (3)";4132;
3019084;"Wyrzysk - urban area (4)";1781;
3019085;"Wyrzysk - rural area (5)";2351;
3019093;"Wysoka (3)";1871;
3019094;"Wysoka - urban area (4)";870;
3019095;"Wysoka - rural area (5)";1001;
3020000;"Powiat pleszewski";19633;
3020013;"Chocz (3)";1366;
3020014;"Chocz - urban area (4)";535;
3020015;"Chocz - rural area (5)";831;
3020022;"Czermin (2)";1283;
3020033;"Dobrzyca (3)";2178;
3020034;"Dobrzyca - urban area (4)";926;
3020035;"Dobrzyca - rural area (5)";1252;
3020042;"Gizałki (2)";1320;
3020052;"Gołuchów (2)";3442;
3020063;"Pleszew (3)";10044;
3020064;"Pleszew - urban area (4)";6490;
3020065;"Pleszew - rural area (5)";3554;
3021000;"Powiat poznański";153558;
3021011;"Luboń (1)";12460;
3021021;"Puszczykowo (1)";3159;
3021033;"Buk (3)";4170;
3021034;"Buk - urban area (4)";1978;
3021035;"Buk - rural area (5)";2192;
3021042;"Czerwonak (2)";9436;
3021052;"Dopiewo (2)";11699;
3021062;"Kleszczewo (2)";3852;
3021072;"Komorniki (2)";13014;
3021083;"Kostrzyn (3)";6168;
3021084;"Kostrzyn - urban area (4)";3054;
3021085;"Kostrzyn - rural area (5)";3114;
3021093;"Kórnik (3)";12187;
3021094;"Kórnik - urban area (4)";3180;
3021095;"Kórnik - rural area (5)";9007;
3021103;"Mosina (3)";11980;
3021104;"Mosina - urban area (4)";5070;
3021105;"Mosina - rural area (5)";6910;
3021113;"Murowana Goślina (3)";5782;
3021114;"Murowana Goślina - urban area (4)";3645;
3021115;"Murowana Goślina - rural area (5)";2137;
3021123;"Pobiedziska (3)";7224;
3021124;"Pobiedziska - urban area (4)";3528;
3021125;"Pobiedziska - rural area (5)";3696;
3021132;"Rokietnica (2)";7897;
3021143;"Stęszew (3)";5170;
3021144;"Stęszew - urban area (4)";2025;
3021145;"Stęszew - rural area (5)";3145;
3021152;"Suchy Las (2)";7189;
3021163;"Swarzędz (3)";20751;
3021164;"Swarzędz - urban area (4)";11130;
3021165;"Swarzędz - rural area (5)";9621;
3021172;"Tarnowo Podgórne (2)";11420;
3022000;"Powiat rawicki";20374;
3022013;"Bojanowo (3)";2758;
3022014;"Bojanowo - urban area (4)";1053;
3022015;"Bojanowo - rural area (5)";1705;
3022023;"Jutrosin (3)";1929;
3022024;"Jutrosin - urban area (4)";628;
3022025;"Jutrosin - rural area (5)";1301;
3022033;"Miejska Górka (3)";2544;
3022034;"Miejska Górka - urban area (4)";1010;
3022035;"Miejska Górka - rural area (5)";1534;
3022042;"Pakosław (2)";1324;
3022053;"Rawicz (3)";11819;
3022054;"Rawicz - urban area (4)";8842;
3022055;"Rawicz - rural area (5)";2977;
3023000;"Powiat słupecki";19593;
3023011;"Słupca (1)";5289;
3023022;"Lądek (2)";1754;
3023032;"Orchowo (2)";1105;
3023042;"Ostrowite (2)";1549;
3023052;"Powidz (2)";886;
3023062;"Słupca (2)";3058;
3023072;"Strzałkowo (2)";3298;
3023083;"Zagórów (3)";2654;
3023084;"Zagórów - urban area (4)";995;
3023085;"Zagórów - rural area (5)";1659;
3024000;"Powiat szamotulski";32244;
3024011;"Obrzycko (1)";849;
3024022;"Duszniki (2)";2867;
3024032;"Kaźmierz (2)";3276;
3024042;"Obrzycko (2)";1422;
3024053;"Ostroróg (3)";1483;
3024054;"Ostroróg - urban area (4)";594;
3024055;"Ostroróg - rural area (5)";889;
3024063;"Pniewy (3)";4189;
3024064;"Pniewy - urban area (4)";2842;
3024065;"Pniewy - rural area (5)";1347;
3024073;"Szamotuły (3)";11157;
3024074;"Szamotuły - urban area (4)";7517;
3024075;"Szamotuły - rural area (5)";3640;
3024083;"Wronki (3)";7001;
3024084;"Wronki - urban area (4)";4465;
3024085;"Wronki - rural area (5)";2536;
3025000;"Powiat średzki";21184;
3025012;"Dominowo (2)";1105;
3025022;"Krzykosy (2)";2100;
3025032;"Nowe Miasto nad Wartą (2)";2503;
3025043;"Środa Wielkopolska (3)";13116;
3025044;"Środa Wielkopolska - urban area (4)";10129;
3025045;"Środa Wielkopolska - rural area (5)";2987;
3025052;"Zaniemyśl (2)";2360;
3026000;"Powiat śremski";21533;
3026012;"Brodnica (2)";1516;
3026023;"Dolsk (3)";1765;
3026024;"Dolsk - urban area (4)";529;
3026025;"Dolsk - rural area (5)";1236;
3026033;"Książ Wielkopolski (3)";2345;
3026034;"Książ Wielkopolski - urban area (4)";807;
3026035;"Książ Wielkopolski - rural area (5)";1538;
3026043;"Śrem (3)";15907;
3026044;"Śrem - urban area (4)";11799;
3026045;"Śrem - rural area (5)";4108;
3027000;"Powiat turecki";27689;
3027011;"Turek (1)";10587;
3027022;"Brudzew (2)";1860;
3027033;"Dobra (3)";1983;
3027034;"Dobra - urban area (4)";536;
3027035;"Dobra - rural area (5)";1447;
3027042;"Kawęczyn (2)";1469;
3027052;"Malanów (2)";1866;
3027062;"Przykona (2)";1374;
3027073;"Tuliszków (3)";3104;
3027074;"Tuliszków - urban area (4)";1007;
3027075;"Tuliszków - rural area (5)";2097;
3027082;"Turek (2)";3186;
3027092;"Władysławów (2)";2260;
3028000;"Powiat wągrowiecki";24237;
3028011;"Wągrowiec (1)";10368;
3028022;"Damasławek (2)";1602;
3028033;"Gołańcz (3)";2419;
3028034;"Gołańcz - urban area (4)";1101;
3028035;"Gołańcz - rural area (5)";1318;
3028042;"Mieścisko (2)";1765;
3028053;"Skoki (3)";3526;
3028054;"Skoki - urban area (4)";1658;
3028055;"Skoki - rural area (5)";1868;
3028062;"Wapno (2)";884;
3028072;"Wągrowiec (2)";3673;
3029000;"Powiat wolsztyński";17738;
3029012;"Przemęt (2)";3850;
3029022;"Siedlec (2)";3559;
3029033;"Wolsztyn (3)";10329;
3029034;"Wolsztyn - urban area (4)";4866;
3029035;"Wolsztyn - rural area (5)";5463;
3030000;"Powiat wrzesiński";29131;
3030012;"Kołaczkowo (2)";1706;
3030023;"Miłosław (3)";3339;
3030024;"Miłosław - urban area (4)";1343;
3030025;"Miłosław - rural area (5)";1996;
3030033;"Nekla (3)";2517;
3030034;"Nekla - urban area (4)";1209;
3030035;"Nekla - rural area (5)";1308;
3030043;"Pyzdry (3)";2085;
3030044;"Pyzdry - urban area (4)";1011;
3030045;"Pyzdry - rural area (5)";1074;
3030053;"Września (3)";19484;
3030054;"Września - urban area (4)";14265;
3030055;"Września - rural area (5)";5219;
3031000;"Powiat złotowski";23181;
3031011;"Złotów (1)";7298;
3031023;"Jastrowie (3)";3901;
3031024;"Jastrowie - urban area (4)";3010;
3031025;"Jastrowie - rural area (5)";891;
3031033;"Krajenka (3)";2373;
3031034;"Krajenka - urban area (4)";1198;
3031035;"Krajenka - rural area (5)";1175;
3031042;"Lipka (2)";1698;
3031053;"Okonek (3)";2793;
3031054;"Okonek - urban area (4)";1308;
3031055;"Okonek - rural area (5)";1485;
3031062;"Tarnówka (2)";930;
3031072;"Zakrzewo (2)";1404;
3031082;"Złotów (2)";2784;
3061000;"City with powiat status Kalisz";45478;
3061011;"Kalisz (1)";45478;
3062000;"City with powiat status Konin";30446;
3062011;"Konin (1)";30446;
3063000;"City with powiat status Leszno";26360;
3063011;"Leszno (1)";26360;
3064000;"City with powiat status Poznań";292187;
3064011;"Poznań (1)";292187;
3200000;"ZACHODNIOPOMORSKIE";697278;
3201000;"Powiat białogardzki";17338;
3201011;"Białogard (1)";9300;
3201022;"Białogard (2)";2525;
3201033;"Karlino (3)";3239;
3201034;"Karlino - urban area (4)";2209;
3201035;"Karlino - rural area (5)";1030;
3201043;"Tychowo (3)";2274;
3201044;"Tychowo - urban area (4)";897;
3201045;"Tychowo - rural area (5)";1377;
3202000;"Powiat choszczeński";17156;
3202012;"Bierzwnik (2)";1497;
3202023;"Choszczno (3)";8126;
3202024;"Choszczno - urban area (4)";6022;
3202025;"Choszczno - rural area (5)";2104;
3202033;"Drawno (3)";1927;
3202034;"Drawno - urban area (4)";883;
3202035;"Drawno - rural area (5)";1044;
3202042;"Krzęcin (2)";1172;
3202053;"Pełczyce (3)";2536;
3202054;"Pełczyce - urban area (4)";888;
3202055;"Pełczyce - rural area (5)";1648;
3202063;"Recz (3)";1898;
3202064;"Recz - urban area (4)";1029;
3202065;"Recz - rural area (5)";869;
3203000;"Powiat drawski";20582;
3203013;"Czaplinek (3)";4050;
3203014;"Czaplinek - urban area (4)";2566;
3203015;"Czaplinek - rural area (5)";1484;
3203023;"Drawsko Pomorskie (3)";6590;
3203024;"Drawsko Pomorskie - urban area (4)";4625;
3203025;"Drawsko Pomorskie - rural area (5)";1965;
3203033;"Kalisz Pomorski (3)";2517;
3203034;"Kalisz Pomorski - urban area (4)";1537;
3203035;"Kalisz Pomorski - rural area (5)";980;
3203052;"Wierzchowo (2)";1411;
3203063;"Złocieniec (3)";6014;
3203064;"Złocieniec - urban area (4)";4815;
3203065;"Złocieniec - rural area (5)";1199;
3204000;"Powiat goleniowski";30058;
3204023;"Goleniów (3)";14048;
3204024;"Goleniów - urban area (4)";9119;
3204025;"Goleniów - rural area (5)";4929;
3204033;"Maszewo (3)";2794;
3204034;"Maszewo - urban area (4)";1192;
3204035;"Maszewo - rural area (5)";1602;
3204043;"Nowogard (3)";8868;
3204044;"Nowogard - urban area (4)";6317;
3204045;"Nowogard - rural area (5)";2551;
3204052;"Osina (2)";952;
3204062;"Przybiernów (2)";1675;
3204073;"Stepnica (3)";1721;
3204074;"Stepnica - urban area (4)";904;
3204075;"Stepnica - rural area (5)";817;
3205000;"Powiat gryficki";21848;
3205012;"Brojce (2)";1103;
3205023;"Gryfice (3)";8598;
3205024;"Gryfice - urban area (4)";6229;
3205025;"Gryfice - rural area (5)";2369;
3205032;"Karnice (2)";1344;
3205043;"Płoty (3)";2992;
3205044;"Płoty - urban area (4)";1494;
3205045;"Płoty - rural area (5)";1498;
3205072;"Rewal (2)";2097;
3205083;"Trzebiatów (3)";5714;
3205084;"Trzebiatów - urban area (4)";3515;
3205085;"Trzebiatów - rural area (5)";2199;
3206000;"Powiat gryfiński";28440;
3206012;"Banie (2)";1987;
3206023;"Cedynia (3)";1448;
3206024;"Cedynia - urban area (4)";566;
3206025;"Cedynia - rural area (5)";882;
3206033;"Chojna (3)";4814;
3206034;"Chojna - urban area (4)";2782;
3206035;"Chojna - rural area (5)";2032;
3206043;"Gryfino (3)";11549;
3206044;"Gryfino - urban area (4)";8315;
3206045;"Gryfino - rural area (5)";3234;
3206053;"Mieszkowice (3)";2472;
3206054;"Mieszkowice - urban area (4)";1341;
3206055;"Mieszkowice - rural area (5)";1131;
3206063;"Moryń (3)";1414;
3206064;"Moryń - urban area (4)";550;
3206065;"Moryń - rural area (5)";864;
3206072;"Stare Czarnowo (2)";1278;
3206083;"Trzcińsko-Zdrój (3)";1745;
3206084;"Trzcińsko-Zdrój - urban area (4)";822;
3206085;"Trzcińsko-Zdrój - rural area (5)";923;
3206092;"Widuchowa (2)";1733;
3207000;"Powiat kamieński";23179;
3207013;"Dziwnów (3)";3956;
3207014;"Dziwnów - urban area (4)";1594;
3207015;"Dziwnów - rural area (5)";2362;
3207023;"Golczewo (3)";1988;
3207024;"Golczewo - urban area (4)";1007;
3207025;"Golczewo - rural area (5)";981;
3207033;"Kamień Pomorski (3)";5515;
3207034;"Kamień Pomorski - urban area (4)";3587;
3207035;"Kamień Pomorski - rural area (5)";1928;
3207043;"Międzyzdroje (3)";5800;
3207044;"Międzyzdroje - urban area (4)";5364;
3207045;"Międzyzdroje - rural area (5)";436;
3207052;"Świerzno (2)";1316;
3207063;"Wolin (3)";4604;
3207064;"Wolin - urban area (4)";1776;
3207065;"Wolin - rural area (5)";2828;
3208000;"Powiat kołobrzeski";39845;
3208011;"Kołobrzeg (1)";27394;
3208022;"Dygowo (2)";1583;
3208033;"Gościno (3)";1769;
3208034;"Gościno - urban area (4)";904;
3208035;"Gościno - rural area (5)";865;
3208042;"Kołobrzeg (2)";4622;
3208052;"Rymań (2)";1248;
3208062;"Siemyśl (2)";1293;
3208072;"Ustronie Morskie (2)";1936;
3209000;"Powiat koszaliński";25333;
3209012;"Będzino (2)";3031;
3209022;"Biesiekierz (2)";2487;
3209033;"Bobolice (3)";3061;
3209034;"Bobolice - urban area (4)";1462;
3209035;"Bobolice - rural area (5)";1599;
3209042;"Manowo (2)";2512;
3209053;"Mielno (3)";4088;
3209054;"Mielno - urban area (4)";2367;
3209055;"Mielno - rural area (5)";1721;
3209063;"Polanów (3)";2723;
3209064;"Polanów - urban area (4)";1003;
3209065;"Polanów - rural area (5)";1720;
3209073;"Sianów (3)";4564;
3209074;"Sianów - urban area (4)";2293;
3209075;"Sianów - rural area (5)";2271;
3209082;"Świeszyno (2)";2867;
3210000;"Powiat myśliborski";23376;
3210013;"Barlinek (3)";6934;
3210014;"Barlinek - urban area (4)";5186;
3210015;"Barlinek - rural area (5)";1748;
3210022;"Boleszkowice (2)";890;
3210033;"Dębno (3)";7192;
3210034;"Dębno - urban area (4)";5215;
3210035;"Dębno - rural area (5)";1977;
3210043;"Myślibórz (3)";7314;
3210044;"Myślibórz - urban area (4)";4484;
3210045;"Myślibórz - rural area (5)";2830;
3210052;"Nowogródek Pomorski (2)";1046;
3211000;"Powiat policki";31056;
3211012;"Dobra (Szczecińska) (2)";10279;
3211022;"Kołbaskowo (2)";5838;
3211033;"Nowe Warpno (3)";656;
3211034;"Nowe Warpno - urban area (4)";486;
3211035;"Nowe Warpno - rural area (5)";170;
3211043;"Police (3)";14283;
3211044;"Police - urban area (4)";11504;
3211045;"Police - rural area (5)";2779;
3212000;"Powiat pyrzycki";13248;
3212012;"Bielice (2)";893;
3212022;"Kozielice (2)";798;
3212033;"Lipiany (3)";2156;
3212034;"Lipiany - urban area (4)";1558;
3212035;"Lipiany - rural area (5)";598;
3212042;"Przelewice (2)";1588;
3212053;"Pyrzyce (3)";6745;
3212054;"Pyrzyce - urban area (4)";4702;
3212055;"Pyrzyce - rural area (5)";2043;
3212062;"Warnice (2)";1068;
3213000;"Powiat sławieński";20207;
3213011;"Darłowo (1)";6330;
3213021;"Sławno (1)";4656;
3213032;"Darłowo (2)";2628;
3213042;"Malechowo (2)";1931;
3213052;"Postomino (2)";2338;
3213062;"Sławno (2)";2324;
3214000;"Powiat stargardzki";45632;
3214011;"Stargard (1)";27765;
3214023;"Chociwel (3)";2035;
3214024;"Chociwel - urban area (4)";1098;
3214025;"Chociwel - rural area (5)";937;
3214033;"Dobrzany (3)";1580;
3214034;"Dobrzany - urban area (4)";773;
3214035;"Dobrzany - rural area (5)";807;
3214042;"Dolice (2)";2387;
3214053;"Ińsko (3)";1374;
3214054;"Ińsko - urban area (4)";837;
3214055;"Ińsko - rural area (5)";537;
3214062;"Kobylanka (2)";2193;
3214082;"Marianowo (2)";986;
3214092;"Stara Dąbrowa (2)";1178;
3214102;"Stargard (2)";4777;
3214113;"Suchań (3)";1357;
3214114;"Suchań - urban area (4)";531;
3214115;"Suchań - rural area (5)";826;
3215000;"Powiat szczecinecki";29469;
3215011;"Szczecinek (1)";16132;
3215023;"Barwice (3)";2785;
3215024;"Barwice - urban area (4)";1296;
3215025;"Barwice - rural area (5)";1489;
3215033;"Biały Bór (3)";1830;
3215034;"Biały Bór - urban area (4)";780;
3215035;"Biały Bór - rural area (5)";1050;
3215043;"Borne Sulinowo (3)";4306;
3215044;"Borne Sulinowo - urban area (4)";2605;
3215045;"Borne Sulinowo - rural area (5)";1701;
3215052;"Grzmiąca (2)";1580;
3215062;"Szczecinek (2)";2836;
3216000;"Powiat świdwiński";16883;
3216011;"Świdwin (1)";6087;
3216022;"Brzeżno (2)";841;
3216033;"Połczyn-Zdrój (3)";5596;
3216034;"Połczyn-Zdrój - urban area (4)";3263;
3216035;"Połczyn-Zdrój - rural area (5)";2333;
3216042;"Rąbino (2)";1188;
3216052;"Sławoborze (2)";1283;
3216062;"Świdwin (2)";1888;
3217000;"Powiat wałecki";19631;
3217011;"Wałcz (1)";10050;
3217023;"Człopa (3)";1676;
3217024;"Człopa - urban area (4)";856;
3217025;"Człopa - rural area (5)";820;
3217033;"Mirosławiec (3)";2205;
3217034;"Mirosławiec - urban area (4)";1116;
3217035;"Mirosławiec - rural area (5)";1089;
3217043;"Tuczno (3)";1675;
3217044;"Tuczno - urban area (4)";671;
3217045;"Tuczno - rural area (5)";1004;
3217052;"Wałcz (2)";4025;
3218000;"Powiat łobeski";13006;
3218013;"Dobra (3)";1498;
3218014;"Dobra - urban area (4)";829;
3218015;"Dobra - rural area (5)";669;
3218023;"Łobez (3)";5107;
3218024;"Łobez - urban area (4)";3884;
3218025;"Łobez - rural area (5)";1223;
3218032;"Radowo Małe (2)";1203;
3218043;"Resko (3)";2796;
3218044;"Resko - urban area (4)";1581;
3218045;"Resko - rural area (5)";1215;
3218053;"Węgorzyno (3)";2402;
3218054;"Węgorzyno - urban area (4)";987;
3218055;"Węgorzyno - rural area (5)";1415;
3261000;"City with powiat status Koszalin";48416;
3261011;"Koszalin (1)";48416;
3262000;"City with powiat status Szczecin";190070;
3262011;"Szczecin (1)";190070;
3263000;"City with powiat status Świnoujście";22505;
3263011;"Świnoujście (1)";22505;
