"Code";"Name";"total in square km;2021;[km2]";
0000000;"POLAND";312705;
0200000;"DOLNOŚLĄSKIE";19947;
0201000;"Powiat bolesławiecki";1304;
0201011;"Bolesławiec (1)";24;
0201022;"Bolesławiec (2)";289;
0201032;"Gromadka (2)";268;
0201043;"Nowogrodziec (3)";176;
0201044;"Nowogrodziec - urban area (4)";16;
0201045;"Nowogrodziec - rural area (5)";160;
0201052;"Osiecznica (2)";437;
0201062;"Warta Bolesławiecka (2)";110;
0202000;"Powiat dzierżoniowski";479;
0202011;"Bielawa (1)";36;
0202021;"Dzierżoniów (1)";20;
0202033;"Pieszyce (3)";64;
0202034;"Pieszyce - urban area (4)";18;
0202035;"Pieszyce - rural area (5)";46;
0202041;"Piława Górna (1)";21;
0202052;"Dzierżoniów (2)";141;
0202062;"Łagiewniki (2)";125;
0202073;"Niemcza (3)";72;
0202074;"Niemcza - urban area (4)";20;
0202075;"Niemcza - rural area (5)";52;
0203000;"Powiat głogowski";443;
0203011;"Głogów (1)";35;
0203022;"Głogów (2)";85;
0203032;"Jerzmanowa (2)";63;
0203042;"Kotla (2)";128;
0203052;"Pęcław (2)";64;
0203062;"Żukowice (2)";68;
0204000;"Powiat górowski";738;
0204013;"Góra (3)";266;
0204014;"Góra - urban area (4)";14;
0204015;"Góra - rural area (5)";252;
0204022;"Jemielno (2)";124;
0204032;"Niechlów (2)";151;
0204043;"Wąsosz (3)";197;
0204044;"Wąsosz - urban area (4)";3;
0204045;"Wąsosz - rural area (5)";194;
0205000;"Powiat jaworski";582;
0205011;"Jawor (1)";19;
0205023;"Bolków (3)";153;
0205024;"Bolków - urban area (4)";8;
0205025;"Bolków - rural area (5)";145;
0205032;"Męcinka (2)";148;
0205042;"Mściwojów (2)";72;
0205052;"Paszowice (2)";101;
0205062;"Wądroże Wielkie (2)";89;
0206000;"Powiat karkonoski";627;
0206011;"Karpacz (1)";38;
0206021;"Kowary (1)";37;
0206031;"Piechowice (1)";43;
0206041;"Szklarska Poręba (1)";75;
0206052;"Janowice Wielkie (2)";58;
0206062;"Jeżów Sudecki (2)";94;
0206072;"Mysłakowice (2)";88;
0206082;"Podgórzyn (2)";83;
0206092;"Stara Kamienica (2)";111;
0207000;"Powiat kamiennogórski";396;
0207011;"Kamienna Góra (1)";18;
0207022;"Kamienna Góra (2)";158;
0207033;"Lubawka (3)";138;
0207034;"Lubawka - urban area (4)";22;
0207035;"Lubawka - rural area (5)";116;
0207042;"Marciszów (2)";82;
0208000;"Powiat kłodzki";1642;
0208011;"Duszniki-Zdrój (1)";22;
0208021;"Kłodzko (1)";25;
0208031;"Kudowa-Zdrój (1)";34;
0208041;"Nowa Ruda (1)";37;
0208051;"Polanica-Zdrój (1)";17;
0208063;"Bystrzyca Kłodzka (3)";339;
0208064;"Bystrzyca Kłodzka - urban area (4)";11;
0208065;"Bystrzyca Kłodzka - rural area (5)";328;
0208072;"Kłodzko (2)";252;
0208083;"Lądek-Zdrój (3)";117;
0208084;"Lądek-Zdrój - urban area (4)";20;
0208085;"Lądek-Zdrój - rural area (5)";97;
0208092;"Lewin Kłodzki (2)";52;
0208103;"Międzylesie (3)";189;
0208104;"Międzylesie - urban area (4)";14;
0208105;"Międzylesie - rural area (5)";175;
0208112;"Nowa Ruda (2)";140;
0208123;"Radków (3)";140;
0208124;"Radków - urban area (4)";15;
0208125;"Radków - rural area (5)";125;
0208133;"Stronie Śląskie (3)";146;
0208134;"Stronie Śląskie - urban area (4)";2;
0208135;"Stronie Śląskie - rural area (5)";144;
0208143;"Szczytna (3)";132;
0208144;"Szczytna - urban area (4)";80;
0208145;"Szczytna - rural area (5)";52;
0209000;"Powiat legnicki";744;
0209011;"Chojnów (1)";5;
0209022;"Chojnów (2)";231;
0209032;"Krotoszyce (2)";67;
0209042;"Kunice (2)";93;
0209052;"Legnickie Pole (2)";85;
0209062;"Miłkowice (2)";87;
0209073;"Prochowice (3)";103;
0209074;"Prochowice - urban area (4)";10;
0209075;"Prochowice - rural area (5)";93;
0209082;"Ruja (2)";73;
0210000;"Powiat lubański";428;
0210011;"Lubań (1)";16;
0210021;"Świeradów-Zdrój (1)";21;
0210033;"Leśna (3)";105;
0210034;"Leśna - urban area (4)";9;
0210035;"Leśna - rural area (5)";96;
0210042;"Lubań (2)";142;
0210053;"Olszyna (3)";47;
0210054;"Olszyna - urban area (4)";20;
0210055;"Olszyna - rural area (5)";27;
0210062;"Platerówka (2)";48;
0210072;"Siekierczyn (2)";49;
0211000;"Powiat lubiński";712;
0211011;"Lubin (1)";41;
0211022;"Lubin (2)";290;
0211032;"Rudna (2)";217;
0211043;"Ścinawa (3)";164;
0211044;"Ścinawa - urban area (4)";13;
0211045;"Ścinawa - rural area (5)";151;
0212000;"Powiat lwówecki";710;
0212013;"Gryfów Śląski (3)";67;
0212014;"Gryfów Śląski - urban area (4)";7;
0212015;"Gryfów Śląski - rural area (5)";60;
0212023;"Lubomierz (3)";130;
0212024;"Lubomierz - urban area (4)";8;
0212025;"Lubomierz - rural area (5)";122;
0212033;"Lwówek Śląski (3)";240;
0212034;"Lwówek Śląski - urban area (4)";17;
0212035;"Lwówek Śląski - rural area (5)";223;
0212043;"Mirsk (3)";187;
0212044;"Mirsk - urban area (4)";15;
0212045;"Mirsk - rural area (5)";172;
0212053;"Wleń (3)";86;
0212054;"Wleń - urban area (4)";7;
0212055;"Wleń - rural area (5)";79;
0213000;"Powiat milicki";715;
0213012;"Cieszków (2)";101;
0213022;"Krośnice (2)";178;
0213033;"Milicz (3)";436;
0213034;"Milicz - urban area (4)";14;
0213035;"Milicz - rural area (5)";422;
0214000;"Powiat oleśnicki";1049;
0214011;"Oleśnica (1)";21;
0214023;"Bierutów (3)";147;
0214024;"Bierutów - urban area (4)";8;
0214025;"Bierutów - rural area (5)";139;
0214032;"Dobroszyce (2)";132;
0214042;"Dziadowa Kłoda (2)";106;
0214053;"Międzybórz (3)";88;
0214054;"Międzybórz - urban area (4)";6;
0214055;"Międzybórz - rural area (5)";82;
0214062;"Oleśnica (2)";242;
0214073;"Syców (3)";145;
0214074;"Syców - urban area (4)";17;
0214075;"Syców - rural area (5)";128;
0214083;"Twardogóra (3)";168;
0214084;"Twardogóra - urban area (4)";8;
0214085;"Twardogóra - rural area (5)";160;
0215000;"Powiat oławski";524;
0215011;"Oława (1)";27;
0215022;"Domaniów (2)";94;
0215033;"Jelcz-Laskowice (3)";168;
0215034;"Jelcz-Laskowice - urban area (4)";17;
0215035;"Jelcz-Laskowice - rural area (5)";151;
0215042;"Oława (2)";235;
0216000;"Powiat polkowicki";779;
0216013;"Chocianów (3)";222;
0216014;"Chocianów - urban area (4)";9;
0216015;"Chocianów - rural area (5)";213;
0216022;"Gaworzyce (2)";77;
0216032;"Grębocice (2)";121;
0216043;"Polkowice (3)";168;
0216044;"Polkowice - urban area (4)";24;
0216045;"Polkowice - rural area (5)";144;
0216053;"Przemków (3)";107;
0216054;"Przemków - urban area (4)";6;
0216055;"Przemków - rural area (5)";101;
0216062;"Radwanice (2)";84;
0217000;"Powiat strzeliński";622;
0217012;"Borów (2)";99;
0217022;"Kondratowice (2)";98;
0217032;"Przeworno (2)";112;
0217043;"Strzelin (3)";171;
0217044;"Strzelin - urban area (4)";12;
0217045;"Strzelin - rural area (5)";159;
0217053;"Wiązów (3)";142;
0217054;"Wiązów - urban area (4)";9;
0217055;"Wiązów - rural area (5)";133;
0218000;"Powiat średzki";704;
0218012;"Kostomłoty (2)";145;
0218022;"Malczyce (2)";53;
0218032;"Miękinia (2)";179;
0218043;"Środa Śląska (3)";216;
0218044;"Środa Śląska - urban area (4)";15;
0218045;"Środa Śląska - rural area (5)";201;
0218052;"Udanin (2)";111;
0219000;"Powiat świdnicki";741;
0219011;"Świdnica (1)";22;
0219021;"Świebodzice (1)";30;
0219032;"Dobromierz (2)";86;
0219043;"Jaworzyna Śląska (3)";67;
0219044;"Jaworzyna Śląska - urban area (4)";4;
0219045;"Jaworzyna Śląska - rural area (5)";63;
0219052;"Marcinowice (2)";95;
0219063;"Strzegom (3)";145;
0219064;"Strzegom - urban area (4)";21;
0219065;"Strzegom - rural area (5)";124;
0219072;"Świdnica (2)";208;
0219083;"Żarów (3)";88;
0219084;"Żarów - urban area (4)";8;
0219085;"Żarów - rural area (5)";80;
0220000;"Powiat trzebnicki";1025;
0220013;"Oborniki Śląskie (3)";154;
0220014;"Oborniki Śląskie - urban area (4)";14;
0220015;"Oborniki Śląskie - rural area (5)";140;
0220023;"Prusice (3)";158;
0220024;"Prusice - urban area (4)";11;
0220025;"Prusice - rural area (5)";147;
0220033;"Trzebnica (3)";200;
0220034;"Trzebnica - urban area (4)";11;
0220035;"Trzebnica - rural area (5)";189;
0220042;"Wisznia Mała (2)";103;
0220052;"Zawonia (2)";118;
0220063;"Żmigród (3)";292;
0220064;"Żmigród - urban area (4)";10;
0220065;"Żmigród - rural area (5)";282;
0221000;"Powiat wałbrzyski";430;
0221011;"Boguszów-Gorce (1)";27;
0221021;"Jedlina-Zdrój (1)";17;
0221031;"Szczawno-Zdrój (1)";15;
0221042;"Czarny Bór (2)";66;
0221053;"Głuszyca (3)";62;
0221054;"Głuszyca - urban area (4)";16;
0221055;"Głuszyca - rural area (5)";46;
0221063;"Mieroszów (3)";76;
0221064;"Mieroszów - urban area (4)";10;
0221065;"Mieroszów - rural area (5)";66;
0221072;"Stare Bogaczowice (2)";88;
0221082;"Walim (2)";79;
0222000;"Powiat wołowski";675;
0222013;"Brzeg Dolny (3)";94;
0222014;"Brzeg Dolny - urban area (4)";17;
0222015;"Brzeg Dolny - rural area (5)";77;
0222022;"Wińsko (2)";250;
0222033;"Wołów (3)";331;
0222034;"Wołów - urban area (4)";19;
0222035;"Wołów - rural area (5)";312;
0223000;"Powiat wrocławski";1118;
0223012;"Czernica (2)";84;
0223022;"Długołęka (2)";213;
0223032;"Jordanów Śląski (2)";57;
0223043;"Kąty Wrocławskie (3)";177;
0223044;"Kąty Wrocławskie - urban area (4)";9;
0223045;"Kąty Wrocławskie - rural area (5)";168;
0223052;"Kobierzyce (2)";149;
0223062;"Mietków (2)";83;
0223073;"Sobótka (3)";136;
0223074;"Sobótka - urban area (4)";32;
0223075;"Sobótka - rural area (5)";104;
0223083;"Siechnice (3)";99;
0223084;"Siechnice - urban area (4)";16;
0223085;"Siechnice - rural area (5)";83;
0223092;"Żórawina (2)";120;
0224000;"Powiat ząbkowicki";802;
0224013;"Bardo (3)";73;
0224014;"Bardo - urban area (4)";5;
0224015;"Bardo - rural area (5)";68;
0224022;"Ciepłowody (2)";77;
0224033;"Kamieniec Ząbkowicki (3)";97;
0224034;"Kamieniec Ząbkowicki - urban area (4)";13;
0224035;"Kamieniec Ząbkowicki - rural area (5)";84;
0224042;"Stoszowice (2)";112;
0224053;"Ząbkowice Śląskie (3)";146;
0224054;"Ząbkowice Śląskie - urban area (4)";14;
0224055;"Ząbkowice Śląskie - rural area (5)";132;
0224063;"Ziębice (3)";222;
0224064;"Ziębice - urban area (4)";15;
0224065;"Ziębice - rural area (5)";207;
0224073;"Złoty Stok (3)";75;
0224074;"Złoty Stok - urban area (4)";8;
0224075;"Złoty Stok - rural area (5)";67;
0225000;"Powiat zgorzelecki";839;
0225011;"Zawidów (1)";6;
0225021;"Zgorzelec (1)";16;
0225033;"Bogatynia (3)";136;
0225034;"Bogatynia - urban area (4)";60;
0225035;"Bogatynia - rural area (5)";76;
0225043;"Pieńsk (3)";111;
0225044;"Pieńsk - urban area (4)";10;
0225045;"Pieńsk - rural area (5)";101;
0225052;"Sulików (2)";95;
0225063;"Węgliniec (3)";338;
0225064;"Węgliniec - urban area (4)";9;
0225065;"Węgliniec - rural area (5)";329;
0225072;"Zgorzelec (2)";137;
0226000;"Powiat złotoryjski";576;
0226011;"Wojcieszów (1)";32;
0226021;"Złotoryja (1)";12;
0226032;"Pielgrzymka (2)";105;
0226043;"Świerzawa (3)";160;
0226044;"Świerzawa - urban area (4)";2;
0226045;"Świerzawa - rural area (5)";158;
0226052;"Zagrodno (2)";122;
0226062;"Złotoryja (2)";145;
0261000;"City with powiat status Jelenia Góra";109;
0261011;"Jelenia Góra (1)";109;
0262000;"City with powiat status Legnica";56;
0262011;"Legnica (1)";56;
0264000;"City with powiat status Wrocław";293;
0264011;"Wrocław (1)";293;
0265000;"City with powiat status Wałbrzych since 2013";85;
0265011;"Wałbrzych since 2013 (1)";85;
0400000;"KUJAWSKO-POMORSKIE";17971;
0401000;"Powiat aleksandrowski";475;
0401011;"Aleksandrów Kujawski (1)";7;
0401021;"Ciechocinek (1)";15;
0401031;"Nieszawa (1)";10;
0401042;"Aleksandrów Kujawski (2)";131;
0401052;"Bądkowo (2)";80;
0401062;"Koneck (2)";68;
0401072;"Raciążek (2)";33;
0401082;"Waganiec (2)";55;
0401092;"Zakrzewo (2)";76;
0402000;"Powiat brodnicki";1040;
0402011;"Brodnica (1)";23;
0402022;"Bobrowo (2)";145;
0402032;"Brodnica (2)";127;
0402042;"Brzozie (2)";94;
0402053;"Górzno (3)";120;
0402054;"Górzno - urban area (4)";4;
0402055;"Górzno - rural area (5)";116;
0402062;"Bartniczka (2)";83;
0402073;"Jabłonowo Pomorskie (3)";135;
0402074;"Jabłonowo Pomorskie - urban area (4)";3;
0402075;"Jabłonowo Pomorskie - rural area (5)";132;
0402082;"Osiek (2)";75;
0402092;"Świedziebnia (2)";104;
0402102;"Zbiczno (2)";134;
0403000;"Powiat bydgoski";1394;
0403012;"Białe Błota (2)";122;
0403022;"Dąbrowa Chełmińska (2)";125;
0403032;"Dobrcz (2)";130;
0403043;"Koronowo (3)";412;
0403044;"Koronowo - urban area (4)";28;
0403045;"Koronowo - rural area (5)";384;
0403052;"Nowa Wieś Wielka (2)";148;
0403062;"Osielsko (2)";102;
0403072;"Sicienko (2)";180;
0403083;"Solec Kujawski (3)";175;
0403084;"Solec Kujawski - urban area (4)";19;
0403085;"Solec Kujawski - rural area (5)";156;
0404000;"Powiat chełmiński";527;
0404011;"Chełmno (1)";14;
0404022;"Chełmno (2)";114;
0404032;"Kijewo Królewskie (2)";72;
0404042;"Lisewo (2)";86;
0404052;"Papowo Biskupie (2)";70;
0404062;"Stolno (2)";98;
0404072;"Unisław (2)";73;
0405000;"Powiat golubsko-dobrzyński";613;
0405011;"Golub-Dobrzyń (1)";8;
0405022;"Ciechocin (2)";101;
0405032;"Golub-Dobrzyń (2)";198;
0405043;"Kowalewo Pomorskie (3)";141;
0405044;"Kowalewo Pomorskie - urban area (4)";4;
0405045;"Kowalewo Pomorskie - rural area (5)";137;
0405052;"Radomin (2)";81;
0405062;"Zbójno (2)";84;
0406000;"Powiat grudziądzki";728;
0406012;"Grudziądz (2)";165;
0406022;"Gruta (2)";124;
0406033;"Łasin (3)";137;
0406034;"Łasin - urban area (4)";5;
0406035;"Łasin - rural area (5)";132;
0406043;"Radzyń Chełmiński (3)";91;
0406044;"Radzyń Chełmiński - urban area (4)";2;
0406045;"Radzyń Chełmiński - rural area (5)";89;
0406052;"Rogóźno (2)";116;
0406062;"Świecie nad Osą (2)";95;
0407000;"Powiat inowrocławski";1225;
0407011;"Inowrocław (1)";30;
0407022;"Dąbrowa Biskupia (2)";147;
0407033;"Gniewkowo (3)";180;
0407034;"Gniewkowo - urban area (4)";9;
0407035;"Gniewkowo - rural area (5)";171;
0407042;"Inowrocław (2)";172;
0407053;"Janikowo (3)";92;
0407054;"Janikowo - urban area (4)";10;
0407055;"Janikowo - rural area (5)";82;
0407063;"Kruszwica (3)";262;
0407064;"Kruszwica - urban area (4)";10;
0407065;"Kruszwica - rural area (5)";252;
0407073;"Pakość (3)";86;
0407074;"Pakość - urban area (4)";3;
0407075;"Pakość - rural area (5)";83;
0407082;"Rojewo (2)";120;
0407092;"Złotniki Kujawskie (2)";136;
0408000;"Powiat lipnowski";1016;
0408011;"Lipno (1)";11;
0408022;"Bobrowniki (2)";96;
0408032;"Chrostkowo (2)";74;
0408043;"Dobrzyń nad Wisłą (3)";115;
0408044;"Dobrzyń nad Wisłą - urban area (4)";5;
0408045;"Dobrzyń nad Wisłą - rural area (5)";110;
0408052;"Kikół (2)";98;
0408062;"Lipno (2)";210;
0408073;"Skępe (3)";179;
0408074;"Skępe - urban area (4)";8;
0408075;"Skępe - rural area (5)";171;
0408082;"Tłuchowo (2)";99;
0408092;"Wielgie (2)";134;
0409000;"Powiat mogileński";675;
0409012;"Dąbrowa (2)";110;
0409022;"Jeziora Wielkie (2)";124;
0409033;"Mogilno (3)";256;
0409034;"Mogilno - urban area (4)";8;
0409035;"Mogilno - rural area (5)";248;
0409043;"Strzelno (3)";185;
0409044;"Strzelno - urban area (4)";5;
0409045;"Strzelno - rural area (5)";180;
0410000;"Powiat nakielski";1120;
0410013;"Kcynia (3)";297;
0410014;"Kcynia - urban area (4)";7;
0410015;"Kcynia - rural area (5)";290;
0410023;"Mrocza (3)";150;
0410024;"Mrocza - urban area (4)";5;
0410025;"Mrocza - rural area (5)";145;
0410033;"Nakło nad Notecią (3)";187;
0410034;"Nakło nad Notecią - urban area (4)";11;
0410035;"Nakło nad Notecią - rural area (5)";176;
0410042;"Sadki (2)";154;
0410053;"Szubin (3)";332;
0410054;"Szubin - urban area (4)";8;
0410055;"Szubin - rural area (5)";324;
0411000;"Powiat radziejowski";607;
0411011;"Radziejów (1)";6;
0411022;"Bytoń (2)";73;
0411032;"Dobre (2)";71;
0411042;"Osięciny (2)";122;
0411053;"Piotrków Kujawski (3)";139;
0411054;"Piotrków Kujawski - urban area (4)";9;
0411055;"Piotrków Kujawski - rural area (5)";130;
0411062;"Radziejów (2)";93;
0411072;"Topólka (2)";103;
0412000;"Powiat rypiński";586;
0412011;"Rypin (1)";10;
0412022;"Brzuze (2)";87;
0412032;"Rogowo (2)";141;
0412042;"Rypin (2)";132;
0412052;"Skrwilno (2)";123;
0412062;"Wąpielsk (2)";93;
0413000;"Powiat sępoleński";791;
0413013;"Kamień Krajeński (3)";163;
0413014;"Kamień Krajeński - urban area (4)";4;
0413015;"Kamień Krajeński - rural area (5)";159;
0413023;"Sępólno Krajeńskie (3)";229;
0413024;"Sępólno Krajeńskie - urban area (4)";7;
0413025;"Sępólno Krajeńskie - rural area (5)";222;
0413032;"Sośno (2)";163;
0413043;"Więcbork (3)";236;
0413044;"Więcbork - urban area (4)";4;
0413045;"Więcbork - rural area (5)";232;
0414000;"Powiat świecki";1474;
0414012;"Bukowiec (2)";111;
0414022;"Dragacz (2)";112;
0414032;"Drzycim (2)";108;
0414042;"Jeżewo (2)";156;
0414052;"Lniano (2)";88;
0414063;"Nowe (3)";107;
0414064;"Nowe - urban area (4)";3;
0414065;"Nowe - rural area (5)";104;
0414072;"Osie (2)";209;
0414082;"Pruszcz (2)";143;
0414093;"Świecie (3)";175;
0414094;"Świecie - urban area (4)";12;
0414095;"Świecie - rural area (5)";163;
0414102;"Świekatowo (2)";64;
0414112;"Warlubie (2)";201;
0415000;"Powiat toruński";1230;
0415011;"Chełmża (1)";7;
0415022;"Chełmża (2)";180;
0415032;"Czernikowo (2)";170;
0415042;"Lubicz (2)";106;
0415052;"Łubianka (2)";84;
0415062;"Łysomice (2)";127;
0415072;"Obrowo (2)";162;
0415082;"Wielka Nieszawka (2)";216;
0415092;"Zławieś Wielka (2)";178;
0416000;"Powiat tucholski";1075;
0416012;"Cekcyn (2)";252;
0416022;"Gostycyn (2)";136;
0416032;"Kęsowo (2)";109;
0416042;"Lubiewo (2)";163;
0416052;"Śliwice (2)";175;
0416063;"Tuchola (3)";240;
0416064;"Tuchola - urban area (4)";18;
0416065;"Tuchola - rural area (5)";222;
0417000;"Powiat wąbrzeski";502;
0417011;"Wąbrzeźno (1)";9;
0417022;"Dębowa Łąka (2)";86;
0417032;"Książki (2)";86;
0417042;"Płużnica (2)";120;
0417052;"Ryńsk (2)";201;
0418000;"Powiat włocławski";1473;
0418011;"Kowal (1)";5;
0418022;"Baruchowo (2)";107;
0418032;"Boniewo (2)";78;
0418043;"Brześć Kujawski (3)";151;
0418044;"Brześć Kujawski - urban area (4)";7;
0418045;"Brześć Kujawski - rural area (5)";144;
0418052;"Choceń (2)";100;
0418063;"Chodecz (3)";122;
0418064;"Chodecz - urban area (4)";2;
0418065;"Chodecz - rural area (5)";120;
0418072;"Fabianki (2)";76;
0418083;"Izbica Kujawska (3)";132;
0418084;"Izbica Kujawska - urban area (4)";2;
0418085;"Izbica Kujawska - rural area (5)";130;
0418092;"Kowal (2)";115;
0418102;"Lubanie (2)";69;
0418113;"Lubień Kujawski (3)";151;
0418114;"Lubień Kujawski - urban area (4)";2;
0418115;"Lubień Kujawski - rural area (5)";149;
0418123;"Lubraniec (3)";148;
0418124;"Lubraniec - urban area (4)";2;
0418125;"Lubraniec - rural area (5)";146;
0418132;"Włocławek (2)";219;
0419000;"Powiat żniński";985;
0419013;"Barcin (3)";121;
0419014;"Barcin - urban area (4)";4;
0419015;"Barcin - rural area (5)";117;
0419022;"Gąsawa (2)";136;
0419033;"Janowiec Wielkopolski (3)";131;
0419034;"Janowiec Wielkopolski - urban area (4)";3;
0419035;"Janowiec Wielkopolski - rural area (5)";128;
0419043;"Łabiszyn (3)";167;
0419044;"Łabiszyn - urban area (4)";3;
0419045;"Łabiszyn - rural area (5)";164;
0419052;"Rogowo (2)";179;
0419063;"Żnin (3)";251;
0419064;"Żnin - urban area (4)";8;
0419065;"Żnin - rural area (5)";243;
0461000;"City with powiat status Bydgoszcz";176;
0461011;"Bydgoszcz (1)";176;
0462000;"City with powiat status Grudziądz";58;
0462011;"Grudziądz (1)";58;
0463000;"City with powiat status Toruń";116;
0463011;"Toruń (1)";116;
0464000;"City with powiat status Włocławek";85;
0464011;"Włocławek (1)";85;
0600000;"LUBELSKIE";25123;
0601000;"Powiat bialski";2754;
0601011;"Międzyrzec Podlaski (1)";20;
0601021;"Terespol (1)";10;
0601032;"Biała Podlaska (2)";325;
0601042;"Drelów (2)";228;
0601052;"Janów Podlaski (2)";136;
0601062;"Kodeń (2)";151;
0601072;"Konstantynów (2)";87;
0601082;"Leśna Podlaska (2)";98;
0601092;"Łomazy (2)";199;
0601102;"Międzyrzec Podlaski (2)";261;
0601112;"Piszczac (2)";170;
0601122;"Rokitno (2)";141;
0601132;"Rossosz (2)";76;
0601142;"Sławatycze (2)";72;
0601152;"Sosnówka (2)";148;
0601162;"Terespol (2)";142;
0601172;"Tuczna (2)";170;
0601182;"Wisznice (2)";173;
0601192;"Zalesie (2)";147;
0602000;"Powiat biłgorajski";1681;
0602011;"Biłgoraj (1)";21;
0602022;"Aleksandrów (2)";54;
0602032;"Biłgoraj (2)";263;
0602042;"Biszcza (2)";106;
0602053;"Frampol (3)";108;
0602054;"Frampol - urban area (4)";5;
0602055;"Frampol - rural area (5)";103;
0602063;"Goraj (3)";68;
0602064;"Goraj - urban area (4)";8;
0602065;"Goraj - rural area (5)";60;
0602073;"Józefów (3)";127;
0602074;"Józefów - urban area (4)";5;
0602075;"Józefów - rural area (5)";122;
0602082;"Księżpol (2)";141;
0602092;"Łukowa (2)";149;
0602102;"Obsza (2)";113;
0602112;"Potok Górny (2)";111;
0602123;"Tarnogród (3)";114;
0602124;"Tarnogród - urban area (4)";11;
0602125;"Tarnogród - rural area (5)";103;
0602132;"Tereszpol (2)";144;
0602142;"Turobin (2)";162;
0603000;"Powiat chełmski";1886;
0603011;"Rejowiec Fabryczny (1)";15;
0603022;"Białopole (2)";103;
0603032;"Chełm (2)";223;
0603042;"Dorohusk (2)";192;
0603052;"Dubienka (2)";96;
0603062;"Kamień (2)";97;
0603072;"Leśniowice (2)";118;
0603082;"Rejowiec Fabryczny (2)";88;
0603092;"Ruda-Huta (2)";112;
0603102;"Sawin (2)";190;
0603113;"Siedliszcze (3)";154;
0603114;"Siedliszcze - urban area (4)";13;
0603115;"Siedliszcze - rural area (5)";141;
0603122;"Wierzbica (2)";146;
0603132;"Wojsławice (2)";110;
0603142;"Żmudź (2)";136;
0603153;"Rejowiec (3)";106;
0603154;"Rejowiec - urban area (4)";6;
0603155;"Rejowiec - rural area (5)";100;
0604000;"Powiat hrubieszowski";1268;
0604011;"Hrubieszów (1)";33;
0604022;"Dołhobyczów (2)";213;
0604032;"Horodło (2)";130;
0604042;"Hrubieszów (2)";259;
0604052;"Mircze (2)";235;
0604062;"Trzeszczany (2)";90;
0604072;"Uchanie (2)";121;
0604082;"Werbkowice (2)";187;
0605000;"Powiat janowski";876;
0605012;"Batorz (2)";71;
0605022;"Chrzanów (2)";72;
0605032;"Dzwola (2)";200;
0605042;"Godziszów (2)";102;
0605053;"Janów Lubelski (3)";179;
0605054;"Janów Lubelski - urban area (4)";15;
0605055;"Janów Lubelski - rural area (5)";164;
0605063;"Modliborzyce (3)";153;
0605064;"Modliborzyce - urban area (4)";8;
0605065;"Modliborzyce - rural area (5)";145;
0605072;"Potok Wielki (2)";99;
0606000;"Powiat krasnostawski";1032;
0606011;"Krasnystaw (1)";42;
0606022;"Fajsławice (2)";71;
0606032;"Gorzków (2)";97;
0606042;"Izbica (2)";138;
0606052;"Krasnystaw (2)";151;
0606062;"Kraśniczyn (2)";110;
0606072;"Łopiennik Górny (2)";106;
0606092;"Rudnik (2)";89;
0606102;"Siennica Różana (2)";98;
0606112;"Żółkiewka (2)";130;
0607000;"Powiat kraśnicki";1005;
0607011;"Kraśnik (1)";26;
0607023;"Annopol (3)";151;
0607024;"Annopol - urban area (4)";8;
0607025;"Annopol - rural area (5)";143;
0607032;"Dzierzkowice (2)";87;
0607042;"Gościeradów (2)";159;
0607052;"Kraśnik (2)";105;
0607062;"Szastarka (2)";73;
0607072;"Trzydnik Duży (2)";104;
0607083;"Urzędów (3)";119;
0607084;"Urzędów - urban area (4)";13;
0607085;"Urzędów - rural area (5)";106;
0607092;"Wilkołaz (2)";82;
0607102;"Zakrzówek (2)";99;
0608000;"Powiat lubartowski";1289;
0608011;"Lubartów (1)";14;
0608022;"Abramów (2)";85;
0608032;"Firlej (2)";126;
0608042;"Jeziorzany (2)";66;
0608053;"Kamionka (3)";112;
0608054;"Kamionka - urban area (4)";6;
0608055;"Kamionka - rural area (5)";106;
0608063;"Kock (3)";101;
0608064;"Kock - urban area (4)";17;
0608065;"Kock - rural area (5)";84;
0608072;"Lubartów (2)";158;
0608082;"Michów (2)";136;
0608092;"Niedźwiada (2)";96;
0608103;"Ostrów Lubelski (3)";122;
0608104;"Ostrów Lubelski - urban area (4)";30;
0608105;"Ostrów Lubelski - rural area (5)";92;
0608112;"Ostrówek (2)";90;
0608122;"Serniki (2)";76;
0608132;"Uścimów (2)";107;
0609000;"Powiat lubelski";1680;
0609013;"Bełżyce (3)";134;
0609014;"Bełżyce - urban area (4)";23;
0609015;"Bełżyce - rural area (5)";111;
0609022;"Borzechów (2)";68;
0609033;"Bychawa (3)";146;
0609034;"Bychawa - urban area (4)";7;
0609035;"Bychawa - rural area (5)";139;
0609042;"Garbów (2)";103;
0609052;"Głusk (2)";64;
0609062;"Jabłonna (2)";131;
0609072;"Jastków (2)";113;
0609082;"Konopnica (2)";93;
0609092;"Krzczonów (2)";128;
0609102;"Niedrzwica Duża (2)";107;
0609112;"Niemce (2)";141;
0609122;"Strzyżewice (2)";109;
0609132;"Wojciechów (2)";81;
0609142;"Wólka (2)";73;
0609152;"Wysokie (2)";114;
0609162;"Zakrzew (2)";75;
0610000;"Powiat łęczyński";637;
0610012;"Cyców (2)";148;
0610022;"Ludwin (2)";122;
0610033;"Łęczna (3)";75;
0610034;"Łęczna - urban area (4)";19;
0610035;"Łęczna - rural area (5)";56;
0610042;"Milejów (2)";117;
0610052;"Puchaczów (2)";92;
0610062;"Spiczyn (2)";83;
0611000;"Powiat łukowski";1394;
0611011;"Łuków (1)";36;
0611021;"Stoczek Łukowski (1)";9;
0611032;"Adamów (2)";99;
0611042;"Krzywda (2)";161;
0611052;"Łuków (2)";307;
0611062;"Serokomla (2)";77;
0611072;"Stanin (2)";161;
0611082;"Stoczek Łukowski (2)";173;
0611092;"Trzebieszów (2)";141;
0611102;"Wojcieszków (2)";109;
0611112;"Wola Mysłowska (2)";121;
0612000;"Powiat opolski";810;
0612012;"Chodel (2)";108;
0612023;"Józefów nad Wisłą (3)";141;
0612024;"Józefów nad Wisłą - urban area (4)";3;
0612025;"Józefów nad Wisłą - rural area (5)";138;
0612032;"Karczmiska (2)";95;
0612042;"Łaziska (2)";109;
0612053;"Opole Lubelskie (3)";194;
0612054;"Opole Lubelskie - urban area (4)";15;
0612055;"Opole Lubelskie - rural area (5)";179;
0612063;"Poniatowa (3)";85;
0612064;"Poniatowa - urban area (4)";15;
0612065;"Poniatowa - rural area (5)";70;
0612072;"Wilków (2)";78;
0613000;"Powiat parczewski";952;
0613012;"Dębowa Kłoda (2)";188;
0613022;"Jabłoń (2)";110;
0613032;"Milanów (2)";117;
0613043;"Parczew (3)";147;
0613044;"Parczew - urban area (4)";8;
0613045;"Parczew - rural area (5)";139;
0613052;"Podedwórze (2)";107;
0613062;"Siemień (2)";111;
0613072;"Sosnowica (2)";172;
0614000;"Powiat puławski";934;
0614011;"Puławy (1)";51;
0614022;"Baranów (2)";85;
0614032;"Janowiec (2)";79;
0614043;"Kazimierz Dolny (3)";72;
0614044;"Kazimierz Dolny - urban area (4)";31;
0614045;"Kazimierz Dolny - rural area (5)";41;
0614052;"Końskowola (2)";90;
0614062;"Kurów (2)";101;
0614072;"Markuszów (2)";40;
0614083;"Nałęczów (3)";63;
0614084;"Nałęczów - urban area (4)";14;
0614085;"Nałęczów - rural area (5)";49;
0614092;"Puławy (2)";161;
0614102;"Wąwolnica (2)";63;
0614112;"Żyrzyn (2)";129;
0615000;"Powiat radzyński";965;
0615011;"Radzyń Podlaski (1)";19;
0615022;"Borki (2)";112;
0615032;"Czemierniki (2)";107;
0615042;"Kąkolewnica (2)";148;
0615052;"Komarówka Podlaska (2)";138;
0615062;"Radzyń Podlaski (2)";155;
0615072;"Ulan-Majorat (2)";108;
0615082;"Wohyń (2)";178;
0616000;"Powiat rycki";615;
0616011;"Dęblin (1)";38;
0616022;"Kłoczew (2)";143;
0616032;"Nowodwór (2)";72;
0616043;"Ryki (3)";162;
0616044;"Ryki - urban area (4)";28;
0616045;"Ryki - rural area (5)";134;
0616052;"Stężyca (2)";116;
0616062;"Ułęż (2)";84;
0617000;"Powiat świdnicki";468;
0617011;"Świdnik (1)";20;
0617022;"Mełgiew (2)";95;
0617033;"Piaski (3)";170;
0617034;"Piaski - urban area (4)";8;
0617035;"Piaski - rural area (5)";162;
0617042;"Rybczewice (2)";99;
0617052;"Trawniki (2)";84;
0618000;"Powiat tomaszowski";1489;
0618011;"Tomaszów Lubelski (1)";13;
0618022;"Bełżec (2)";33;
0618032;"Jarczów (2)";107;
0618042;"Krynice (2)";74;
0618053;"Lubycza Królewska (3)";208;
0618054;"Lubycza Królewska - urban area (4)";4;
0618055;"Lubycza Królewska - rural area (5)";204;
0618063;"Łaszczów (3)";128;
0618064;"Łaszczów - urban area (4)";5;
0618065;"Łaszczów - rural area (5)";123;
0618072;"Rachanie (2)";94;
0618082;"Susiec (2)";191;
0618092;"Tarnawatka (2)";83;
0618102;"Telatyn (2)";112;
0618112;"Tomaszów Lubelski (2)";171;
0618123;"Tyszowce (3)";128;
0618124;"Tyszowce - urban area (4)";19;
0618125;"Tyszowce - rural area (5)";109;
0618132;"Ulhówek (2)";147;
0619000;"Powiat włodawski";1256;
0619011;"Włodawa (1)";18;
0619022;"Hanna (2)";139;
0619032;"Hańsk (2)";176;
0619042;"Stary Brus (2)";132;
0619052;"Urszulin (2)";172;
0619062;"Włodawa (2)";245;
0619072;"Wola Uhruska (2)";154;
0619082;"Wyryki (2)";220;
0620000;"Powiat zamojski";1870;
0620012;"Adamów (2)";111;
0620022;"Grabowiec (2)";128;
0620032;"Komarów-Osada (2)";124;
0620043;"Krasnobród (3)";127;
0620044;"Krasnobród - urban area (4)";7;
0620045;"Krasnobród - rural area (5)";120;
0620052;"Łabunie (2)";87;
0620062;"Miączyn (2)";156;
0620072;"Nielisz (2)";112;
0620082;"Radecznica (2)";110;
0620092;"Sitno (2)";112;
0620102;"Skierbieszów (2)";139;
0620112;"Stary Zamość (2)";98;
0620122;"Sułów (2)";93;
0620133;"Szczebrzeszyn (3)";123;
0620134;"Szczebrzeszyn - urban area (4)";29;
0620135;"Szczebrzeszyn - rural area (5)";94;
0620142;"Zamość (2)";196;
0620153;"Zwierzyniec (3)";154;
0620154;"Zwierzyniec - urban area (4)";6;
0620155;"Zwierzyniec - rural area (5)";148;
0661000;"City with powiat status Biała Podlaska";49;
0661011;"Biała Podlaska (1)";49;
0662000;"City with powiat status Chełm";35;
0662011;"Chełm (1)";35;
0663000;"City with powiat status Lublin";148;
0663011;"Lublin (1)";148;
0664000;"City with powiat status Zamość";30;
0664011;"Zamość (1)";30;
0800000;"LUBUSKIE";13988;
0801000;"Powiat gorzowski";1214;
0801011;"Kostrzyn nad Odrą (1)";46;
0801022;"Bogdaniec (2)";112;
0801032;"Deszczno (2)";168;
0801042;"Kłodawa (2)";235;
0801052;"Lubiszyn (2)";205;
0801062;"Santok (2)";169;
0801073;"Witnica (3)";279;
0801074;"Witnica - urban area (4)";8;
0801075;"Witnica - rural area (5)";271;
0802000;"Powiat krośnieński";1391;
0802011;"Gubin (1)";21;
0802022;"Bobrowice (2)";185;
0802032;"Bytnica (2)";209;
0802042;"Dąbie (2)";171;
0802052;"Gubin (2)";379;
0802063;"Krosno Odrzańskie (3)";212;
0802064;"Krosno Odrzańskie - urban area (4)";8;
0802065;"Krosno Odrzańskie - rural area (5)";204;
0802072;"Maszewo (2)";214;
0803000;"Powiat międzyrzecki";1388;
0803012;"Bledzew (2)";247;
0803023;"Międzyrzecz (3)";315;
0803024;"Międzyrzecz - urban area (4)";10;
0803025;"Międzyrzecz - rural area (5)";305;
0803032;"Przytoczna (2)";185;
0803042;"Pszczew (2)";178;
0803053;"Skwierzyna (3)";285;
0803054;"Skwierzyna - urban area (4)";36;
0803055;"Skwierzyna - rural area (5)";249;
0803063;"Trzciel (3)";178;
0803064;"Trzciel - urban area (4)";3;
0803065;"Trzciel - rural area (5)";175;
0804000;"Powiat nowosolski";771;
0804011;"Nowa Sól (1)";22;
0804023;"Bytom Odrzański (3)";52;
0804024;"Bytom Odrzański - urban area (4)";2;
0804025;"Bytom Odrzański - rural area (5)";50;
0804032;"Kolsko (2)";81;
0804043;"Kożuchów (3)";179;
0804044;"Kożuchów - urban area (4)";6;
0804045;"Kożuchów - rural area (5)";173;
0804052;"Nowa Sól (2)";176;
0804063;"Nowe Miasteczko (3)";77;
0804064;"Nowe Miasteczko - urban area (4)";3;
0804065;"Nowe Miasteczko - rural area (5)";74;
0804073;"Otyń (3)";92;
0804074;"Otyń - urban area (4)";8;
0804075;"Otyń - rural area (5)";84;
0804082;"Siedlisko (2)";92;
0805000;"Powiat słubicki";999;
0805013;"Cybinka (3)";280;
0805014;"Cybinka - urban area (4)";6;
0805015;"Cybinka - rural area (5)";274;
0805022;"Górzyca (2)";144;
0805033;"Ośno Lubuskie (3)";198;
0805034;"Ośno Lubuskie - urban area (4)";8;
0805035;"Ośno Lubuskie - rural area (5)";190;
0805043;"Rzepin (3)";191;
0805044;"Rzepin - urban area (4)";11;
0805045;"Rzepin - rural area (5)";180;
0805053;"Słubice (3)";186;
0805054;"Słubice - urban area (4)";19;
0805055;"Słubice - rural area (5)";167;
0806000;"Powiat strzelecko-drezdenecki";1248;
0806013;"Dobiegniew (3)";351;
0806014;"Dobiegniew - urban area (4)";6;
0806015;"Dobiegniew - rural area (5)";345;
0806023;"Drezdenko (3)";400;
0806024;"Drezdenko - urban area (4)";11;
0806025;"Drezdenko - rural area (5)";389;
0806032;"Stare Kurowo (2)";78;
0806043;"Strzelce Krajeńskie (3)";319;
0806044;"Strzelce Krajeńskie - urban area (4)";6;
0806045;"Strzelce Krajeńskie - rural area (5)";313;
0806052;"Zwierzyn (2)";100;
0807000;"Powiat sulęciński";1178;
0807012;"Krzeszyce (2)";194;
0807023;"Lubniewice (3)";130;
0807024;"Lubniewice - urban area (4)";12;
0807025;"Lubniewice - rural area (5)";118;
0807032;"Słońsk (2)";159;
0807043;"Sulęcin (3)";320;
0807044;"Sulęcin - urban area (4)";9;
0807045;"Sulęcin - rural area (5)";311;
0807053;"Torzym (3)";375;
0807054;"Torzym - urban area (4)";9;
0807055;"Torzym - rural area (5)";366;
0808000;"Powiat świebodziński";937;
0808012;"Lubrza (2)";122;
0808022;"Łagów (2)";200;
0808032;"Skąpe (2)";182;
0808042;"Szczaniec (2)";113;
0808053;"Świebodzin (3)";226;
0808054;"Świebodzin - urban area (4)";17;
0808055;"Świebodzin - rural area (5)";209;
0808063;"Zbąszynek (3)";94;
0808064;"Zbąszynek - urban area (4)";4;
0808065;"Zbąszynek - rural area (5)";90;
0809000;"Powiat zielonogórski";1350;
0809013;"Babimost (3)";93;
0809014;"Babimost - urban area (4)";4;
0809015;"Babimost - rural area (5)";89;
0809022;"Bojadła (2)";102;
0809033;"Czerwieńsk (3)";195;
0809034;"Czerwieńsk - urban area (4)";9;
0809035;"Czerwieńsk - rural area (5)";186;
0809043;"Kargowa (3)";129;
0809044;"Kargowa - urban area (4)";5;
0809045;"Kargowa - rural area (5)";124;
0809053;"Nowogród Bobrzański (3)";260;
0809054;"Nowogród Bobrzański - urban area (4)";15;
0809055;"Nowogród Bobrzański - rural area (5)";245;
0809063;"Sulechów (3)";237;
0809064;"Sulechów - urban area (4)";7;
0809065;"Sulechów - rural area (5)";230;
0809072;"Świdnica (2)";160;
0809082;"Trzebiechów (2)";81;
0809092;"Zabór (2)";93;
0810000;"Powiat żagański";1132;
0810011;"Gozdnica (1)";24;
0810021;"Żagań (1)";40;
0810032;"Brzeźnica (2)";122;
0810043;"Iłowa (3)";153;
0810044;"Iłowa - urban area (4)";10;
0810045;"Iłowa - rural area (5)";143;
0810053;"Małomice (3)";80;
0810054;"Małomice - urban area (4)";7;
0810055;"Małomice - rural area (5)";73;
0810062;"Niegosławice (2)";136;
0810073;"Szprotawa (3)";233;
0810074;"Szprotawa - urban area (4)";11;
0810075;"Szprotawa - rural area (5)";222;
0810082;"Wymiarki (2)";63;
0810092;"Żagań (2)";281;
0811000;"Powiat żarski";1393;
0811011;"Łęknica (1)";16;
0811021;"Żary (1)";33;
0811032;"Brody (2)";241;
0811043;"Jasień (3)";127;
0811044;"Jasień - urban area (4)";5;
0811045;"Jasień - rural area (5)";122;
0811052;"Lipinki Łużyckie (2)";89;
0811063;"Lubsko (3)";183;
0811064;"Lubsko - urban area (4)";13;
0811065;"Lubsko - rural area (5)";170;
0811072;"Przewóz (2)";178;
0811082;"Trzebiel (2)";166;
0811092;"Tuplice (2)";66;
0811102;"Żary (2)";294;
0812000;"Powiat wschowski";624;
0812013;"Sława (3)";327;
0812014;"Sława - urban area (4)";14;
0812015;"Sława - rural area (5)";313;
0812023;"Szlichtyngowa (3)";100;
0812024;"Szlichtyngowa - urban area (4)";2;
0812025;"Szlichtyngowa - rural area (5)";98;
0812033;"Wschowa (3)";197;
0812034;"Wschowa - urban area (4)";9;
0812035;"Wschowa - rural area (5)";188;
0861000;"City with powiat status Gorzów Wielkopolski";86;
0861011;"Gorzów Wielkopolski (1)";86;
0862000;"City with powiat status Zielona Góra";277;
0862011;"Zielona Góra (1)";277;
1000000;"ŁÓDZKIE";18219;
1001000;"Powiat bełchatowski";968;
1001011;"Bełchatów (1)";35;
1001022;"Bełchatów (2)";180;
1001032;"Drużbice (2)";113;
1001042;"Kleszczów (2)";125;
1001052;"Kluki (2)";119;
1001062;"Rusiec (2)";100;
1001072;"Szczerców (2)";129;
1001083;"Zelów (3)";167;
1001084;"Zelów - urban area (4)";11;
1001085;"Zelów - rural area (5)";156;
1002000;"Powiat kutnowski";887;
1002011;"Kutno (1)";34;
1002022;"Bedlno (2)";125;
1002032;"Dąbrowice (2)";46;
1002043;"Krośniewice (3)";95;
1002044;"Krośniewice - urban area (4)";4;
1002045;"Krośniewice - rural area (5)";91;
1002052;"Krzyżanów (2)";103;
1002062;"Kutno (2)";122;
1002072;"Łanięta (2)";55;
1002082;"Nowe Ostrowy (2)";72;
1002092;"Oporów (2)";68;
1002102;"Strzelce (2)";90;
1002113;"Żychlin (3)";77;
1002114;"Żychlin - urban area (4)";9;
1002115;"Żychlin - rural area (5)";68;
1003000;"Powiat łaski";618;
1003012;"Buczek (2)";92;
1003023;"Łask (3)";145;
1003024;"Łask - urban area (4)";15;
1003025;"Łask - rural area (5)";130;
1003032;"Sędziejowice (2)";120;
1003042;"Widawa (2)";179;
1003052;"Wodzierady (2)";82;
1004000;"Powiat łęczycki";773;
1004011;"Łęczyca (1)";9;
1004022;"Daszyna (2)";81;
1004032;"Góra Świętej Małgorzaty (2)";90;
1004042;"Grabów (2)";156;
1004052;"Łęczyca (2)";151;
1004063;"Piątek (3)";133;
1004064;"Piątek - urban area (4)";5;
1004065;"Piątek - rural area (5)";128;
1004072;"Świnice Warckie (2)";93;
1004082;"Witonia (2)";60;
1005000;"Powiat łowicki";988;
1005011;"Łowicz (1)";23;
1005022;"Bielawy (2)";164;
1005032;"Chąśno (2)";72;
1005042;"Domaniewice (2)";86;
1005052;"Kiernozia (2)";76;
1005062;"Kocierzew Południowy (2)";94;
1005072;"Łowicz (2)";133;
1005082;"Łyszkowice (2)";107;
1005092;"Nieborów (2)";104;
1005102;"Zduny (2)";129;
1006000;"Powiat łódzki wschodni";500;
1006022;"Andrespol (2)";25;
1006032;"Brójce (2)";70;
1006073;"Koluszki (3)";155;
1006074;"Koluszki - urban area (4)";11;
1006075;"Koluszki - rural area (5)";144;
1006082;"Nowosolna (2)";54;
1006103;"Rzgów (3)";66;
1006104;"Rzgów - urban area (4)";17;
1006105;"Rzgów - rural area (5)";49;
1006113;"Tuszyn (3)";130;
1006114;"Tuszyn - urban area (4)";23;
1006115;"Tuszyn - rural area (5)";107;
1007000;"Powiat opoczyński";1040;
1007012;"Białaczów (2)";115;
1007023;"Drzewica (3)";118;
1007024;"Drzewica - urban area (4)";5;
1007025;"Drzewica - rural area (5)";113;
1007032;"Mniszków (2)";124;
1007043;"Opoczno (3)";191;
1007044;"Opoczno - urban area (4)";27;
1007045;"Opoczno - rural area (5)";164;
1007052;"Paradyż (2)";81;
1007062;"Poświętne (2)";141;
1007072;"Sławno (2)";129;
1007082;"Żarnów (2)";141;
1008000;"Powiat pabianicki";492;
1008011;"Konstantynów Łódzki (1)";27;
1008021;"Pabianice (1)";33;
1008032;"Dłutów (2)";101;
1008042;"Dobroń (2)";95;
1008052;"Ksawerów (2)";14;
1008062;"Lutomiersk (2)";134;
1008072;"Pabianice (2)";88;
1009000;"Powiat pajęczański";804;
1009013;"Działoszyn (3)";121;
1009014;"Działoszyn - urban area (4)";5;
1009015;"Działoszyn - rural area (5)";116;
1009022;"Kiełczygłów (2)";87;
1009032;"Nowa Brzeźnica (2)";135;
1009043;"Pajęczno (3)";114;
1009044;"Pajęczno - urban area (4)";20;
1009045;"Pajęczno - rural area (5)";94;
1009052;"Rząśnia (2)";86;
1009062;"Siemkowice (2)";100;
1009072;"Strzelce Wielkie (2)";78;
1009082;"Sulmierzyce (2)";83;
1010000;"Powiat piotrkowski";1429;
1010012;"Aleksandrów (2)";144;
1010022;"Czarnocin (2)";72;
1010032;"Gorzkowice (2)";102;
1010042;"Grabica (2)";128;
1010052;"Łęki Szlacheckie (2)";109;
1010062;"Moszczenica (2)";111;
1010072;"Ręczno (2)";89;
1010082;"Rozprza (2)";163;
1010093;"Sulejów (3)";188;
1010094;"Sulejów - urban area (4)";26;
1010095;"Sulejów - rural area (5)";162;
1010102;"Wola Krzysztoporska (2)";171;
1010113;"Wolbórz (3)";152;
1010114;"Wolbórz - urban area (4)";15;
1010115;"Wolbórz - rural area (5)";137;
1011000;"Powiat poddębicki";881;
1011012;"Dalików (2)";115;
1011022;"Pęczniew (2)";128;
1011033;"Poddębice (3)";225;
1011034;"Poddębice - urban area (4)";6;
1011035;"Poddębice - rural area (5)";219;
1011043;"Uniejów (3)";129;
1011044;"Uniejów - urban area (4)";12;
1011045;"Uniejów - rural area (5)";117;
1011052;"Wartkowice (2)";140;
1011062;"Zadzim (2)";144;
1012000;"Powiat radomszczański";1443;
1012011;"Radomsko (1)";51;
1012022;"Dobryszyce (2)";51;
1012032;"Gidle (2)";116;
1012042;"Gomunice (2)";62;
1012053;"Kamieńsk (3)";96;
1012054;"Kamieńsk - urban area (4)";12;
1012055;"Kamieńsk - rural area (5)";84;
1012062;"Kobiele Wielkie (2)";102;
1012072;"Kodrąb (2)";106;
1012082;"Lgota Wielka (2)";63;
1012092;"Ładzice (2)";83;
1012102;"Masłowice (2)";116;
1012113;"Przedbórz (3)";190;
1012114;"Przedbórz - urban area (4)";6;
1012115;"Przedbórz - rural area (5)";184;
1012122;"Radomsko (2)";86;
1012132;"Wielgomłyny (2)";123;
1012142;"Żytno (2)";198;
1013000;"Powiat rawski";646;
1013011;"Rawa Mazowiecka (1)";14;
1013023;"Biała Rawska (3)";208;
1013024;"Biała Rawska - urban area (4)";9;
1013025;"Biała Rawska - rural area (5)";199;
1013032;"Cielądz (2)";93;
1013042;"Rawa Mazowiecka (2)";164;
1013052;"Regnów (2)";46;
1013062;"Sadkowice (2)";121;
1014000;"Powiat sieradzki";1491;
1014011;"Sieradz (1)";51;
1014023;"Błaszki (3)";201;
1014024;"Błaszki - urban area (4)";2;
1014025;"Błaszki - rural area (5)";199;
1014032;"Brąszewice (2)";107;
1014042;"Brzeźnio (2)";129;
1014052;"Burzenin (2)";120;
1014062;"Goszczanów (2)";122;
1014072;"Klonowa (2)";95;
1014082;"Sieradz (2)";182;
1014093;"Warta (3)";254;
1014094;"Warta - urban area (4)";11;
1014095;"Warta - rural area (5)";243;
1014102;"Wróblew (2)";113;
1014113;"Złoczew (3)";117;
1014114;"Złoczew - urban area (4)";14;
1014115;"Złoczew - rural area (5)";103;
1015000;"Powiat skierniewicki";753;
1015012;"Bolimów (2)";112;
1015022;"Głuchów (2)";111;
1015032;"Godzianów (2)";44;
1015042;"Kowiesy (2)";86;
1015052;"Lipce Reymontowskie (2)";43;
1015062;"Maków (2)";81;
1015072;"Nowy Kawęczyn (2)";104;
1015082;"Skierniewice (2)";131;
1015092;"Słupia (2)";41;
1016000;"Powiat tomaszowski";1025;
1016011;"Tomaszów Mazowiecki (1)";42;
1016022;"Będków (2)";57;
1016032;"Budziszewice (2)";30;
1016042;"Czerniewice (2)";128;
1016052;"Inowłódz (2)";98;
1016062;"Lubochnia (2)";131;
1016072;"Rokiciny (2)";91;
1016082;"Rzeczyca (2)";109;
1016092;"Tomaszów Mazowiecki (2)";150;
1016102;"Ujazd (2)";97;
1016112;"Żelechlinek (2)";92;
1017000;"Powiat wieluński";926;
1017012;"Biała (2)";74;
1017022;"Czarnożyły (2)";70;
1017032;"Konopnica (2)";83;
1017042;"Mokrsko (2)";78;
1017052;"Osjaków (2)";101;
1017062;"Ostrówek (2)";101;
1017072;"Pątnów (2)";115;
1017082;"Skomlin (2)";55;
1017093;"Wieluń (3)";131;
1017094;"Wieluń - urban area (4)";17;
1017095;"Wieluń - rural area (5)";114;
1017102;"Wierzchlas (2)";118;
1018000;"Powiat wieruszowski";577;
1018012;"Bolesławiec (2)";64;
1018022;"Czastary (2)";63;
1018032;"Galewice (2)";136;
1018043;"Lututów (3)";76;
1018044;"Lututów - urban area (4)";19;
1018045;"Lututów - rural area (5)";57;
1018052;"Łubnice (2)";61;
1018062;"Sokolniki (2)";80;
1018073;"Wieruszów (3)";97;
1018074;"Wieruszów - urban area (4)";6;
1018075;"Wieruszów - rural area (5)";91;
1019000;"Powiat zduńskowolski";369;
1019011;"Zduńska Wola (1)";25;
1019023;"Szadek (3)";152;
1019024;"Szadek - urban area (4)";17;
1019025;"Szadek - rural area (5)";135;
1019032;"Zapolice (2)";81;
1019042;"Zduńska Wola (2)";111;
1020000;"Powiat zgierski";855;
1020011;"Głowno (1)";20;
1020021;"Ozorków (1)";15;
1020031;"Zgierz (1)";42;
1020043;"Aleksandrów Łódzki (3)";116;
1020044;"Aleksandrów Łódzki - urban area (4)";14;
1020045;"Aleksandrów Łódzki - rural area (5)";102;
1020052;"Głowno (2)";105;
1020062;"Ozorków (2)";96;
1020072;"Parzęczew (2)";104;
1020083;"Stryków (3)";158;
1020084;"Stryków - urban area (4)";8;
1020085;"Stryków - rural area (5)";150;
1020092;"Zgierz (2)";199;
1021000;"Powiat brzeziński";359;
1021011;"Brzeziny (1)";22;
1021022;"Brzeziny (2)";107;
1021032;"Dmosin (2)";100;
1021042;"Jeżów (2)";64;
1021052;"Rogów (2)";66;
1061000;"City with powiat status Łódź";293;
1061011;"Łódź (1)";293;
1062000;"City with powiat status Piotrków Trybunalski";67;
1062011;"Piotrków Trybunalski (1)";67;
1063000;"City with powiat status Skierniewice";35;
1063011;"Skierniewice (1)";35;
1200000;"MAŁOPOLSKIE";15183;
1201000;"Powiat bocheński";649;
1201011;"Bochnia (1)";30;
1201022;"Bochnia (2)";132;
1201032;"Drwinia (2)";108;
1201042;"Lipnica Murowana (2)";60;
1201052;"Łapanów (2)";72;
1201063;"Nowy Wiśnicz (3)";82;
1201064;"Nowy Wiśnicz - urban area (4)";5;
1201065;"Nowy Wiśnicz - rural area (5)";77;
1201072;"Rzezawa (2)";86;
1201082;"Trzciana (2)";44;
1201092;"Żegocina (2)";35;
1202000;"Powiat brzeski";591;
1202012;"Borzęcin (2)";103;
1202023;"Brzesko (3)";103;
1202024;"Brzesko - urban area (4)";12;
1202025;"Brzesko - rural area (5)";91;
1202033;"Czchów (3)";66;
1202034;"Czchów - urban area (4)";14;
1202035;"Czchów - rural area (5)";52;
1202042;"Dębno (2)";82;
1202052;"Gnojnik (2)";55;
1202062;"Iwkowa (2)";47;
1202072;"Szczurowa (2)";135;
1203000;"Powiat chrzanowski";370;
1203013;"Alwernia (3)";74;
1203014;"Alwernia - urban area (4)";9;
1203015;"Alwernia - rural area (5)";65;
1203022;"Babice (2)";55;
1203033;"Chrzanów (3)";79;
1203034;"Chrzanów - urban area (4)";38;
1203035;"Chrzanów - rural area (5)";41;
1203043;"Libiąż (3)";57;
1203044;"Libiąż - urban area (4)";36;
1203045;"Libiąż - rural area (5)";21;
1203053;"Trzebinia (3)";105;
1203054;"Trzebinia - urban area (4)";32;
1203055;"Trzebinia - rural area (5)";73;
1204000;"Powiat dąbrowski";530;
1204012;"Bolesław (2)";36;
1204023;"Dąbrowa Tarnowska (3)";116;
1204024;"Dąbrowa Tarnowska - urban area (4)";23;
1204025;"Dąbrowa Tarnowska - rural area (5)";93;
1204032;"Gręboszów (2)";49;
1204042;"Mędrzechów (2)";44;
1204052;"Olesno (2)";78;
1204062;"Radgoszcz (2)";88;
1204073;"Szczucin (3)";119;
1204074;"Szczucin - urban area (4)";7;
1204075;"Szczucin - rural area (5)";112;
1205000;"Powiat gorlicki";966;
1205011;"Gorlice (1)";24;
1205023;"Biecz (3)";98;
1205024;"Biecz - urban area (4)";17;
1205025;"Biecz - rural area (5)";81;
1205033;"Bobowa (3)";50;
1205034;"Bobowa - urban area (4)";7;
1205035;"Bobowa - rural area (5)";43;
1205042;"Gorlice (2)";103;
1205052;"Lipinki (2)";66;
1205062;"Łużna (2)";56;
1205072;"Moszczenica (2)";38;
1205082;"Ropa (2)";49;
1205092;"Sękowa (2)";195;
1205102;"Uście Gorlickie (2)";287;
1206000;"Powiat krakowski";1231;
1206012;"Czernichów (2)";85;
1206022;"Igołomia-Wawrzeńczyce (2)";63;
1206032;"Iwanowice (2)";71;
1206042;"Jerzmanowice-Przeginia (2)";68;
1206052;"Kocmyrzów-Luborzyca (2)";81;
1206063;"Krzeszowice (3)";139;
1206064;"Krzeszowice - urban area (4)";18;
1206065;"Krzeszowice - rural area (5)";121;
1206072;"Liszki (2)";72;
1206082;"Michałowice (2)";51;
1206092;"Mogilany (2)";44;
1206103;"Skała (3)";75;
1206104;"Skała - urban area (4)";3;
1206105;"Skała - rural area (5)";72;
1206113;"Skawina (3)";100;
1206114;"Skawina - urban area (4)";20;
1206115;"Skawina - rural area (5)";80;
1206123;"Słomniki (3)";113;
1206124;"Słomniki - urban area (4)";3;
1206125;"Słomniki - rural area (5)";110;
1206132;"Sułoszowa (2)";53;
1206143;"Świątniki Górne (3)";20;
1206144;"Świątniki Górne - urban area (4)";4;
1206145;"Świątniki Górne - rural area (5)";16;
1206152;"Wielka Wieś (2)";48;
1206162;"Zabierzów (2)";99;
1206172;"Zielonki (2)";49;
1207000;"Powiat limanowski";951;
1207011;"Limanowa (1)";19;
1207021;"Mszana Dolna (1)";27;
1207032;"Dobra (2)";110;
1207042;"Jodłownik (2)";72;
1207052;"Kamienica (2)";95;
1207062;"Laskowa (2)";72;
1207072;"Limanowa (2)";152;
1207082;"Łukowica (2)";70;
1207092;"Mszana Dolna (2)";170;
1207102;"Niedźwiedź (2)";74;
1207112;"Słopnice (2)";57;
1207122;"Tymbark (2)";33;
1208000;"Powiat miechowski";676;
1208012;"Charsznica (2)";78;
1208022;"Gołcza (2)";90;
1208032;"Kozłów (2)";86;
1208042;"Książ Wielki (2)";138;
1208053;"Miechów (3)";148;
1208054;"Miechów - urban area (4)";15;
1208055;"Miechów - rural area (5)";133;
1208062;"Racławice (2)";59;
1208072;"Słaboszów (2)";77;
1209000;"Powiat myślenicki";673;
1209013;"Dobczyce (3)";66;
1209014;"Dobczyce - urban area (4)";14;
1209015;"Dobczyce - rural area (5)";52;
1209022;"Lubień (2)";75;
1209033;"Myślenice (3)";154;
1209034;"Myślenice - urban area (4)";30;
1209035;"Myślenice - rural area (5)";124;
1209042;"Pcim (2)";89;
1209052;"Raciechowice (2)";61;
1209062;"Siepraw (2)";32;
1209073;"Sułkowice (3)";60;
1209074;"Sułkowice - urban area (4)";16;
1209075;"Sułkowice - rural area (5)";44;
1209082;"Tokarnia (2)";69;
1209092;"Wiśniowa (2)";67;
1210000;"Powiat nowosądecki";1549;
1210011;"Grybów (1)";17;
1210022;"Chełmiec (2)";112;
1210032;"Gródek nad Dunajcem (2)";88;
1210042;"Grybów (2)";154;
1210052;"Kamionka Wielka (2)";65;
1210062;"Korzenna (2)";107;
1210073;"Krynica-Zdrój (3)";145;
1210074;"Krynica-Zdrój - urban area (4)";40;
1210075;"Krynica-Zdrój - rural area (5)";105;
1210082;"Łabowa (2)";119;
1210092;"Łącko (2)";132;
1210102;"Łososina Dolna (2)";85;
1210113;"Muszyna (3)";141;
1210114;"Muszyna - urban area (4)";24;
1210115;"Muszyna - rural area (5)";117;
1210122;"Nawojowa (2)";50;
1210133;"Piwniczna-Zdrój (3)";126;
1210134;"Piwniczna-Zdrój - urban area (4)";38;
1210135;"Piwniczna-Zdrój - rural area (5)";88;
1210142;"Podegrodzie (2)";65;
1210152;"Rytro (2)";42;
1210163;"Stary Sącz (3)";101;
1210164;"Stary Sącz - urban area (4)";15;
1210165;"Stary Sącz - rural area (5)";86;
1211000;"Powiat nowotarski";1474;
1211011;"Nowy Targ (1)";51;
1211023;"Szczawnica (3)";88;
1211024;"Szczawnica - urban area (4)";33;
1211025;"Szczawnica - rural area (5)";55;
1211032;"Czarny Dunajec (2)";218;
1211042;"Czorsztyn (2)";62;
1211052;"Jabłonka (2)";212;
1211062;"Krościenko nad Dunajcem (2)";57;
1211072;"Lipnica Wielka (2)";67;
1211082;"Łapsze Niżne (2)";126;
1211092;"Nowy Targ (2)";208;
1211102;"Ochotnica Dolna (2)";141;
1211112;"Raba Wyżna (2)";89;
1211123;"Rabka-Zdrój (3)";69;
1211124;"Rabka-Zdrój - urban area (4)";36;
1211125;"Rabka-Zdrój - rural area (5)";33;
1211132;"Spytkowice (2)";32;
1211142;"Szaflary (2)";54;
1212000;"Powiat olkuski";618;
1212011;"Bukowno (1)";65;
1212032;"Bolesław (2)";41;
1212042;"Klucze (2)";119;
1212053;"Olkusz (3)";151;
1212054;"Olkusz - urban area (4)";25;
1212055;"Olkusz - rural area (5)";126;
1212062;"Trzyciąż (2)";95;
1212073;"Wolbrom (3)";147;
1212074;"Wolbrom - urban area (4)";10;
1212075;"Wolbrom - rural area (5)";137;
1213000;"Powiat oświęcimski";406;
1213011;"Oświęcim (1)";30;
1213023;"Brzeszcze (3)";46;
1213024;"Brzeszcze - urban area (4)";19;
1213025;"Brzeszcze - rural area (5)";27;
1213033;"Chełmek (3)";27;
1213034;"Chełmek - urban area (4)";8;
1213035;"Chełmek - rural area (5)";19;
1213043;"Kęty (3)";76;
1213044;"Kęty - urban area (4)";23;
1213045;"Kęty - rural area (5)";53;
1213052;"Osiek (2)";41;
1213062;"Oświęcim (2)";75;
1213072;"Polanka Wielka (2)";24;
1213082;"Przeciszów (2)";35;
1213093;"Zator (3)";52;
1213094;"Zator - urban area (4)";12;
1213095;"Zator - rural area (5)";40;
1214000;"Powiat proszowicki";415;
1214012;"Koniusza (2)";89;
1214023;"Koszyce (3)";66;
1214024;"Koszyce - urban area (4)";3;
1214025;"Koszyce - rural area (5)";63;
1214033;"Nowe Brzesko (3)";54;
1214034;"Nowe Brzesko - urban area (4)";8;
1214035;"Nowe Brzesko - rural area (5)";46;
1214042;"Pałecznica (2)";48;
1214053;"Proszowice (3)";100;
1214054;"Proszowice - urban area (4)";7;
1214055;"Proszowice - rural area (5)";93;
1214062;"Radziemice (2)";58;
1215000;"Powiat suski";686;
1215011;"Jordanów (1)";21;
1215021;"Sucha Beskidzka (1)";28;
1215032;"Budzów (2)";74;
1215042;"Bystra-Sidzina (2)";81;
1215052;"Jordanów (2)";92;
1215063;"Maków Podhalański (3)";109;
1215064;"Maków Podhalański - urban area (4)";20;
1215065;"Maków Podhalański - rural area (5)";89;
1215072;"Stryszawa (2)";114;
1215082;"Zawoja (2)";128;
1215092;"Zembrzyce (2)";39;
1216000;"Powiat tarnowski";1412;
1216013;"Ciężkowice (3)";103;
1216014;"Ciężkowice - urban area (4)";11;
1216015;"Ciężkowice - rural area (5)";92;
1216022;"Gromnik (2)";70;
1216032;"Lisia Góra (2)";105;
1216042;"Pleśna (2)";83;
1216053;"Radłów (3)";86;
1216054;"Radłów - urban area (4)";17;
1216055;"Radłów - rural area (5)";69;
1216063;"Ryglice (3)";117;
1216064;"Ryglice - urban area (4)";25;
1216065;"Ryglice - rural area (5)";92;
1216072;"Rzepiennik Strzyżewski (2)";71;
1216082;"Skrzyszów (2)";86;
1216092;"Tarnów (2)";83;
1216103;"Tuchów (3)";100;
1216104;"Tuchów - urban area (4)";18;
1216105;"Tuchów - rural area (5)";82;
1216112;"Wierzchosławice (2)";75;
1216122;"Wietrzychowice (2)";48;
1216133;"Wojnicz (3)";79;
1216134;"Wojnicz - urban area (4)";8;
1216135;"Wojnicz - rural area (5)";71;
1216143;"Zakliczyn (3)";122;
1216144;"Zakliczyn - urban area (4)";4;
1216145;"Zakliczyn - rural area (5)";118;
1216153;"Żabno (3)";102;
1216154;"Żabno - urban area (4)";11;
1216155;"Żabno - rural area (5)";91;
1216162;"Szerzyny (2)";82;
1217000;"Powiat tatrzański";472;
1217011;"Zakopane (1)";84;
1217022;"Biały Dunajec (2)";35;
1217032;"Bukowina Tatrzańska (2)";132;
1217042;"Kościelisko (2)";137;
1217052;"Poronin (2)";84;
1218000;"Powiat wadowicki";646;
1218013;"Andrychów (3)";100;
1218014;"Andrychów - urban area (4)";10;
1218015;"Andrychów - rural area (5)";90;
1218022;"Brzeźnica (2)";66;
1218033;"Kalwaria Zebrzydowska (3)";75;
1218034;"Kalwaria Zebrzydowska - urban area (4)";6;
1218035;"Kalwaria Zebrzydowska - rural area (5)";69;
1218042;"Lanckorona (2)";40;
1218052;"Mucharz (2)";37;
1218062;"Spytkowice (2)";52;
1218072;"Stryszów (2)";46;
1218082;"Tomice (2)";42;
1218093;"Wadowice (3)";113;
1218094;"Wadowice - urban area (4)";11;
1218095;"Wadowice - rural area (5)";102;
1218102;"Wieprz (2)";75;
1219000;"Powiat wielicki";411;
1219012;"Biskupice (2)";41;
1219022;"Gdów (2)";109;
1219032;"Kłaj (2)";65;
1219043;"Niepołomice (3)";96;
1219044;"Niepołomice - urban area (4)";28;
1219045;"Niepołomice - rural area (5)";68;
1219053;"Wieliczka (3)";100;
1219054;"Wieliczka - urban area (4)";13;
1219055;"Wieliczka - rural area (5)";87;
1261000;"City with powiat status Kraków";327;
1261011;"Kraków (1)";327;
1262000;"City with powiat status Nowy Sącz";58;
1262011;"Nowy Sącz (1)";58;
1263000;"City with powiat status Tarnów";72;
1263011;"Tarnów (1)";72;
1400000;"MAZOWIECKIE";35559;
1401000;"Powiat białobrzeski";639;
1401013;"Białobrzegi (3)";78;
1401014;"Białobrzegi - urban area (4)";8;
1401015;"Białobrzegi - rural area (5)";70;
1401022;"Promna (2)";120;
1401032;"Radzanów (2)";83;
1401042;"Stara Błotnica (2)";96;
1401052;"Stromiec (2)";156;
1401063;"Wyśmierzyce (3)";106;
1401064;"Wyśmierzyce - urban area (4)";17;
1401065;"Wyśmierzyce - rural area (5)";89;
1402000;"Powiat ciechanowski";1060;
1402011;"Ciechanów (1)";33;
1402022;"Ciechanów (2)";141;
1402033;"Glinojeck (3)";154;
1402034;"Glinojeck - urban area (4)";7;
1402035;"Glinojeck - rural area (5)";147;
1402042;"Gołymin-Ośrodek (2)";111;
1402052;"Grudusk (2)";97;
1402062;"Ojrzeń (2)";120;
1402072;"Opinogóra Górna (2)";139;
1402082;"Regimin (2)";111;
1402092;"Sońsk (2)";154;
1403000;"Powiat garwoliński";1285;
1403011;"Garwolin (1)";22;
1403021;"Łaskarzew (1)";15;
1403032;"Borowie (2)";80;
1403042;"Garwolin (2)";136;
1403052;"Górzno (2)";91;
1403062;"Łaskarzew (2)";88;
1403072;"Maciejowice (2)";175;
1403082;"Miastków Kościelny (2)";85;
1403092;"Parysów (2)";64;
1403103;"Pilawa (3)";77;
1403104;"Pilawa - urban area (4)";7;
1403105;"Pilawa - rural area (5)";70;
1403112;"Sobolew (2)";95;
1403122;"Trojanów (2)";152;
1403132;"Wilga (2)";118;
1403143;"Żelechów (3)";87;
1403144;"Żelechów - urban area (4)";12;
1403145;"Żelechów - rural area (5)";75;
1404000;"Powiat gostyniński";615;
1404011;"Gostynin (1)";32;
1404022;"Gostynin (2)";271;
1404032;"Pacyna (2)";90;
1404043;"Sanniki (3)";95;
1404044;"Sanniki - urban area (4)";12;
1404045;"Sanniki - rural area (5)";83;
1404052;"Szczawin Kościelny (2)";127;
1405000;"Powiat grodziski";367;
1405011;"Milanówek (1)";13;
1405021;"Podkowa Leśna (1)";10;
1405032;"Baranów (2)";76;
1405043;"Grodzisk Mazowiecki (3)";107;
1405044;"Grodzisk Mazowiecki - urban area (4)";14;
1405045;"Grodzisk Mazowiecki - rural area (5)";93;
1405052;"Jaktorów (2)";55;
1405062;"Żabia Wola (2)";106;
1406000;"Powiat grójecki";1268;
1406012;"Belsk Duży (2)";108;
1406022;"Błędów (2)";134;
1406032;"Chynów (2)";135;
1406042;"Goszczyn (2)";58;
1406053;"Grójec (3)";121;
1406054;"Grójec - urban area (4)";8;
1406055;"Grójec - rural area (5)";113;
1406062;"Jasieniec (2)";108;
1406073;"Mogielnica (3)";141;
1406074;"Mogielnica - urban area (4)";13;
1406075;"Mogielnica - rural area (5)";128;
1406083;"Nowe Miasto nad Pilicą (3)";159;
1406084;"Nowe Miasto nad Pilicą - urban area (4)";11;
1406085;"Nowe Miasto nad Pilicą - rural area (5)";148;
1406092;"Pniewy (2)";102;
1406113;"Warka (3)";202;
1406114;"Warka - urban area (4)";27;
1406115;"Warka - rural area (5)";175;
1407000;"Powiat kozienicki";916;
1407012;"Garbatka-Letnisko (2)";74;
1407022;"Głowaczów (2)";186;
1407032;"Gniewoszów (2)";84;
1407042;"Grabów nad Pilicą (2)";125;
1407053;"Kozienice (3)";244;
1407054;"Kozienice - urban area (4)";10;
1407055;"Kozienice - rural area (5)";234;
1407062;"Magnuszew (2)";141;
1407072;"Sieciechów (2)";62;
1408000;"Powiat legionowski";391;
1408011;"Legionowo (1)";14;
1408022;"Jabłonna (2)";65;
1408032;"Nieporęt (2)";96;
1408043;"Serock (3)";110;
1408044;"Serock - urban area (4)";13;
1408045;"Serock - rural area (5)";97;
1408052;"Wieliszew (2)";106;
1409000;"Powiat lipski";740;
1409012;"Chotcza (2)";90;
1409022;"Ciepielów (2)";135;
1409033;"Lipsko (3)";135;
1409034;"Lipsko - urban area (4)";16;
1409035;"Lipsko - rural area (5)";119;
1409042;"Rzeczniów (2)";103;
1409052;"Sienno (2)";147;
1409063;"Solec nad Wisłą (3)";130;
1409064;"Solec nad Wisłą - urban area (4)";21;
1409065;"Solec nad Wisłą - rural area (5)";109;
1410000;"Powiat łosicki";772;
1410012;"Huszlew (2)";118;
1410023;"Łosice (3)";121;
1410024;"Łosice - urban area (4)";24;
1410025;"Łosice - rural area (5)";97;
1410032;"Olszanka (2)";88;
1410042;"Platerów (2)";129;
1410052;"Sarnaki (2)";197;
1410062;"Stara Kornica (2)";119;
1411000;"Powiat makowski";1065;
1411011;"Maków Mazowiecki (1)";10;
1411022;"Czerwonka (2)";110;
1411032;"Karniewo (2)";129;
1411042;"Krasnosielc (2)";168;
1411052;"Młynarze (2)";75;
1411062;"Płoniawy-Bramura (2)";135;
1411073;"Różan (3)";85;
1411074;"Różan - urban area (4)";7;
1411075;"Różan - rural area (5)";78;
1411082;"Rzewnie (2)";112;
1411092;"Sypniewo (2)";128;
1411102;"Szelków (2)";113;
1412000;"Powiat miński";1164;
1412011;"Mińsk Mazowiecki (1)";13;
1412042;"Cegłów (2)";96;
1412052;"Dębe Wielkie (2)";78;
1412062;"Dobre (2)";125;
1412073;"Halinów (3)";63;
1412074;"Halinów - urban area (4)";3;
1412075;"Halinów - rural area (5)";60;
1412082;"Jakubów (2)";87;
1412093;"Kałuszyn (3)";94;
1412094;"Kałuszyn - urban area (4)";12;
1412095;"Kałuszyn - rural area (5)";82;
1412102;"Latowicz (2)";114;
1412112;"Mińsk Mazowiecki (2)";112;
1412123;"Mrozy (3)";145;
1412124;"Mrozy - urban area (4)";8;
1412125;"Mrozy - rural area (5)";137;
1412132;"Siennica (2)";111;
1412142;"Stanisławów (2)";107;
1412151;"Sulejówek (1)";19;
1413000;"Powiat mławski";1182;
1413011;"Mława (1)";35;
1413022;"Dzierzgowo (2)";151;
1413032;"Lipowiec Kościelny (2)";114;
1413042;"Radzanów (2)";99;
1413052;"Strzegowo (2)";214;
1413062;"Stupsk (2)";118;
1413072;"Szreńsk (2)";109;
1413082;"Szydłowo (2)";123;
1413092;"Wieczfnia Kościelna (2)";120;
1413102;"Wiśniewo (2)";99;
1414000;"Powiat nowodworski";695;
1414011;"Nowy Dwór Mazowiecki (1)";28;
1414022;"Czosnów (2)";128;
1414032;"Leoncin (2)";158;
1414043;"Nasielsk (3)";206;
1414044;"Nasielsk - urban area (4)";13;
1414045;"Nasielsk - rural area (5)";193;
1414052;"Pomiechówek (2)";103;
1414063;"Zakroczym (3)";72;
1414064;"Zakroczym - urban area (4)";20;
1414065;"Zakroczym - rural area (5)";52;
1415000;"Powiat ostrołęcki";2093;
1415012;"Baranowo (2)";197;
1415022;"Czarnia (2)";94;
1415032;"Czerwin (2)";170;
1415042;"Goworowo (2)";219;
1415052;"Kadzidło (2)";259;
1415062;"Lelis (2)";196;
1415072;"Łyse (2)";247;
1415083;"Myszyniec (3)";227;
1415084;"Myszyniec - urban area (4)";11;
1415085;"Myszyniec - rural area (5)";216;
1415092;"Olszewo-Borki (2)";197;
1415102;"Rzekuń (2)";131;
1415112;"Troszyn (2)";156;
1416000;"Powiat ostrowski";1218;
1416011;"Ostrów Mazowiecka (1)";22;
1416022;"Andrzejewo (2)";119;
1416032;"Boguty-Pianki (2)";89;
1416043;"Brok (3)";110;
1416044;"Brok - urban area (4)";28;
1416045;"Brok - rural area (5)";82;
1416052;"Małkinia Górna (2)";134;
1416062;"Nur (2)";96;
1416072;"Ostrów Mazowiecka (2)";283;
1416082;"Stary Lubotyń (2)";110;
1416092;"Szulborze Wielkie (2)";47;
1416102;"Wąsewo (2)";119;
1416112;"Zaręby Kościelne (2)";89;
1417000;"Powiat otwocki";616;
1417011;"Józefów (1)";24;
1417021;"Otwock (1)";47;
1417032;"Celestynów (2)";89;
1417043;"Karczew (3)";81;
1417044;"Karczew - urban area (4)";28;
1417045;"Karczew - rural area (5)";53;
1417052;"Kołbiel (2)";107;
1417062;"Osieck (2)";68;
1417072;"Sobienie-Jeziory (2)";98;
1417082;"Wiązowna (2)";102;
1418000;"Powiat piaseczyński";621;
1418013;"Góra Kalwaria (3)";144;
1418014;"Góra Kalwaria - urban area (4)";14;
1418015;"Góra Kalwaria - rural area (5)";130;
1418023;"Konstancin-Jeziorna (3)";79;
1418024;"Konstancin-Jeziorna - urban area (4)";18;
1418025;"Konstancin-Jeziorna - rural area (5)";61;
1418032;"Lesznowola (2)";69;
1418043;"Piaseczno (3)";128;
1418044;"Piaseczno - urban area (4)";16;
1418045;"Piaseczno - rural area (5)";112;
1418052;"Prażmów (2)";87;
1418063;"Tarczyn (3)";114;
1418064;"Tarczyn - urban area (4)";5;
1418065;"Tarczyn - rural area (5)";109;
1419000;"Powiat płocki";1796;
1419012;"Bielsk (2)";125;
1419022;"Bodzanów (2)";136;
1419032;"Brudzeń Duży (2)";159;
1419042;"Bulkowo (2)";117;
1419053;"Drobin (3)";144;
1419054;"Drobin - urban area (4)";10;
1419055;"Drobin - rural area (5)";134;
1419063;"Gąbin (3)";146;
1419064;"Gąbin - urban area (4)";28;
1419065;"Gąbin - rural area (5)";118;
1419072;"Łąck (2)";94;
1419082;"Mała Wieś (2)";109;
1419092;"Nowy Duninów (2)";146;
1419102;"Radzanowo (2)";104;
1419112;"Słubice (2)";96;
1419122;"Słupno (2)";75;
1419132;"Stara Biała (2)";111;
1419142;"Staroźreby (2)";138;
1419153;"Wyszogród (3)";96;
1419154;"Wyszogród - urban area (4)";13;
1419155;"Wyszogród - rural area (5)";83;
1420000;"Powiat płoński";1380;
1420011;"Płońsk (1)";12;
1420021;"Raciąż (1)";8;
1420032;"Baboszewo (2)";162;
1420043;"Czerwińsk nad Wisłą (3)";144;
1420044;"Czerwińsk nad Wisłą - urban area (4)";5;
1420045;"Czerwińsk nad Wisłą - rural area (5)";139;
1420052;"Dzierzążnia (2)";102;
1420062;"Joniec (2)";73;
1420072;"Naruszewo (2)";160;
1420082;"Nowe Miasto (2)";118;
1420092;"Płońsk (2)";127;
1420102;"Raciąż (2)";244;
1420113;"Sochocin (3)";122;
1420114;"Sochocin - urban area (4)";7;
1420115;"Sochocin - rural area (5)";115;
1420122;"Załuski (2)";108;
1421000;"Powiat pruszkowski";246;
1421011;"Piastów (1)";6;
1421021;"Pruszków (1)";19;
1421033;"Brwinów (3)";69;
1421034;"Brwinów - urban area (4)";15;
1421035;"Brwinów - rural area (5)";54;
1421042;"Michałowice (2)";35;
1421052;"Nadarzyn (2)";73;
1421062;"Raszyn (2)";44;
1422000;"Powiat przasnyski";1219;
1422011;"Przasnysz (1)";25;
1422023;"Chorzele (3)";371;
1422024;"Chorzele - urban area (4)";18;
1422025;"Chorzele - rural area (5)";353;
1422032;"Czernice Borowe (2)";120;
1422042;"Jednorożec (2)";233;
1422052;"Krasne (2)";101;
1422062;"Krzynowłoga Mała (2)";185;
1422072;"Przasnysz (2)";184;
1423000;"Powiat przysuski";801;
1423012;"Borkowice (2)";86;
1423022;"Gielniów (2)";79;
1423032;"Klwów (2)";87;
1423042;"Odrzywół (2)";99;
1423052;"Potworów (2)";82;
1423063;"Przysucha (3)";182;
1423064;"Przysucha - urban area (4)";7;
1423065;"Przysucha - rural area (5)";175;
1423072;"Rusinów (2)";83;
1423082;"Wieniawa (2)";103;
1424000;"Powiat pułtuski";827;
1424012;"Gzy (2)";104;
1424022;"Obryte (2)";140;
1424032;"Pokrzywnica (2)";121;
1424043;"Pułtusk (3)";134;
1424044;"Pułtusk - urban area (4)";23;
1424045;"Pułtusk - rural area (5)";111;
1424052;"Świercze (2)";93;
1424062;"Winnica (2)";115;
1424072;"Zatory (2)";120;
1425000;"Powiat radomski";1530;
1425011;"Pionki (1)";18;
1425022;"Gózd (2)";78;
1425033;"Iłża (3)";256;
1425034;"Iłża - urban area (4)";17;
1425035;"Iłża - rural area (5)";239;
1425042;"Jastrzębia (2)";90;
1425052;"Jedlińsk (2)";139;
1425062;"Jedlnia-Letnisko (2)";66;
1425072;"Kowala (2)";75;
1425082;"Pionki (2)";230;
1425092;"Przytyk (2)";134;
1425103;"Skaryszew (3)";171;
1425104;"Skaryszew - urban area (4)";27;
1425105;"Skaryszew - rural area (5)";144;
1425112;"Wierzbica (2)";94;
1425122;"Wolanów (2)";83;
1425132;"Zakrzew (2)";96;
1426000;"Powiat siedlecki";1603;
1426012;"Domanice (2)";47;
1426022;"Korczew (2)";105;
1426032;"Kotuń (2)";151;
1426042;"Mokobody (2)";119;
1426053;"Mordy (3)";170;
1426054;"Mordy - urban area (4)";5;
1426055;"Mordy - rural area (5)";165;
1426062;"Paprotnia (2)";81;
1426072;"Przesmyki (2)";117;
1426082;"Siedlce (2)";141;
1426092;"Skórzec (2)";119;
1426102;"Suchożebry (2)";101;
1426112;"Wiśniew (2)";126;
1426122;"Wodynie (2)";115;
1426132;"Zbuczyn (2)";211;
1427000;"Powiat sierpecki";852;
1427011;"Sierpc (1)";19;
1427022;"Gozdowo (2)";126;
1427032;"Mochowo (2)";144;
1427042;"Rościszewo (2)";115;
1427052;"Sierpc (2)";150;
1427062;"Szczutowo (2)";113;
1427072;"Zawidz (2)";185;
1428000;"Powiat sochaczewski";735;
1428011;"Sochaczew (1)";26;
1428022;"Brochów (2)";120;
1428032;"Iłów (2)";129;
1428042;"Młodzieszyn (2)";118;
1428052;"Nowa Sucha (2)";90;
1428062;"Rybno (2)";73;
1428072;"Sochaczew (2)";91;
1428082;"Teresin (2)";88;
1429000;"Powiat sokołowski";1131;
1429011;"Sokołów Podlaski (1)";18;
1429022;"Bielany (2)";110;
1429032;"Ceranów (2)";111;
1429042;"Jabłonna Lacka (2)";149;
1429053;"Kosów Lacki (3)";200;
1429054;"Kosów Lacki - urban area (4)";11;
1429055;"Kosów Lacki - rural area (5)";189;
1429062;"Repki (2)";168;
1429072;"Sabnie (2)";108;
1429082;"Sokołów Podlaski (2)";137;
1429092;"Sterdyń (2)";130;
1430000;"Powiat szydłowiecki";452;
1430012;"Chlewiska (2)";124;
1430022;"Jastrząb (2)";55;
1430032;"Mirów (2)";53;
1430042;"Orońsko (2)";82;
1430053;"Szydłowiec (3)";138;
1430054;"Szydłowiec - urban area (4)";22;
1430055;"Szydłowiec - rural area (5)";116;
1432000;"Powiat warszawski zachodni";534;
1432013;"Błonie (3)";86;
1432014;"Błonie - urban area (4)";9;
1432015;"Błonie - rural area (5)";77;
1432022;"Izabelin (2)";65;
1432032;"Kampinos (2)";85;
1432042;"Leszno (2)";125;
1432053;"Łomianki (3)";39;
1432054;"Łomianki - urban area (4)";8;
1432055;"Łomianki - rural area (5)";31;
1432063;"Ożarów Mazowiecki (3)";71;
1432064;"Ożarów Mazowiecki - urban area (4)";8;
1432065;"Ożarów Mazowiecki - rural area (5)";63;
1432072;"Stare Babice (2)";63;
1433000;"Powiat węgrowski";1221;
1433011;"Węgrów (1)";36;
1433022;"Grębków (2)";131;
1433032;"Korytnica (2)";180;
1433042;"Liw (2)";169;
1433053;"Łochów (3)";196;
1433054;"Łochów - urban area (4)";13;
1433055;"Łochów - rural area (5)";183;
1433062;"Miedzna (2)";116;
1433072;"Sadowne (2)";145;
1433082;"Stoczek (2)";145;
1433092;"Wierzbno (2)";103;
1434000;"Powiat wołomiński";954;
1434011;"Kobyłka (1)";20;
1434021;"Marki (1)";26;
1434031;"Ząbki (1)";11;
1434041;"Zielonka (1)";79;
1434052;"Dąbrówka (2)";109;
1434062;"Jadów (2)";117;
1434072;"Klembów (2)";86;
1434082;"Poświętne (2)";104;
1434093;"Radzymin (3)";129;
1434094;"Radzymin - urban area (4)";23;
1434095;"Radzymin - rural area (5)";106;
1434102;"Strachówka (2)";108;
1434113;"Tłuszcz (3)";103;
1434114;"Tłuszcz - urban area (4)";8;
1434115;"Tłuszcz - rural area (5)";95;
1434123;"Wołomin (3)";62;
1434124;"Wołomin - urban area (4)";17;
1434125;"Wołomin - rural area (5)";45;
1435000;"Powiat wyszkowski";876;
1435012;"Brańszczyk (2)";167;
1435022;"Długosiodło (2)";167;
1435032;"Rząśnik (2)";167;
1435042;"Somianka (2)";118;
1435053;"Wyszków (3)";165;
1435054;"Wyszków - urban area (4)";21;
1435055;"Wyszków - rural area (5)";144;
1435062;"Zabrodzie (2)";92;
1436000;"Powiat zwoleński";573;
1436012;"Kazanów (2)";95;
1436022;"Policzna (2)";113;
1436032;"Przyłęk (2)";131;
1436042;"Tczów (2)";72;
1436053;"Zwoleń (3)";162;
1436054;"Zwoleń - urban area (4)";16;
1436055;"Zwoleń - rural area (5)";146;
1437000;"Powiat żuromiński";807;
1437013;"Bieżuń (3)";121;
1437014;"Bieżuń - urban area (4)";12;
1437015;"Bieżuń - rural area (5)";109;
1437022;"Kuczbork-Osada (2)";122;
1437033;"Lubowidz (3)";192;
1437034;"Lubowidz - urban area (4)";6;
1437035;"Lubowidz - rural area (5)";186;
1437042;"Lutocin (2)";126;
1437052;"Siemiątkowo (2)";113;
1437063;"Żuromin (3)";133;
1437064;"Żuromin - urban area (4)";11;
1437065;"Żuromin - rural area (5)";122;
1438000;"Powiat żyrardowski";533;
1438011;"Żyrardów (1)";14;
1438023;"Mszczonów (3)";152;
1438024;"Mszczonów - urban area (4)";9;
1438025;"Mszczonów - rural area (5)";143;
1438032;"Puszcza Mariańska (2)";143;
1438042;"Radziejowice (2)";73;
1438053;"Wiskitki (3)";151;
1438054;"Wiskitki - urban area (4)";7;
1438055;"Wiskitki - rural area (5)";144;
1461000;"City with powiat status Ostrołęka";33;
1461011;"Ostrołęka (1)";33;
1462000;"City with powiat status Płock";88;
1462011;"Płock (1)";88;
1463000;"City with powiat status Radom";112;
1463011;"Radom (1)";112;
1464000;"City with powiat status Siedlce";32;
1464011;"Siedlce (1)";32;
1465000;"City with powiat status Capital City Warszawa";517;
1465011;"Capital city Warszawa since 2002 (1)";517;
1465028;"Bemowo - district (8)";25;
1465038;"Białołęka - district (8)";73;
1465048;"Bielany - district (8)";32;
1465058;"Mokotów - district (8)";35;
1465068;"Ochota - district (8)";10;
1465078;"Praga-Południe - district (8)";22;
1465088;"Praga-Północ - district (8)";11;
1465098;"Rembertów - district (8)";19;
1465108;"Śródmieście - district (8)";16;
1465118;"Targówek - district (8)";24;
1465128;"Ursus - district (8)";9;
1465138;"Ursynów - district (8)";44;
1465148;"Wawer - district (8)";80;
1465158;"Wesoła - district (8)";23;
1465168;"Wilanów - district (8)";37;
1465178;"Włochy - district (8)";29;
1465188;"Wola - district (8)";19;
1465198;"Żoliborz - district (8)";9;
1600000;"OPOLSKIE";9412;
1601000;"Powiat brzeski";876;
1601011;"Brzeg (1)";15;
1601022;"Skarbimierz (2)";110;
1601033;"Grodków (3)";286;
1601034;"Grodków - urban area (4)";9;
1601035;"Grodków - rural area (5)";277;
1601043;"Lewin Brzeski (3)";160;
1601044;"Lewin Brzeski - urban area (4)";12;
1601045;"Lewin Brzeski - rural area (5)";148;
1601052;"Lubsza (2)";212;
1601062;"Olszanka (2)";93;
1602000;"Powiat głubczycki";673;
1602013;"Baborów (3)";117;
1602014;"Baborów - urban area (4)";12;
1602015;"Baborów - rural area (5)";105;
1602022;"Branice (2)";122;
1602033;"Głubczyce (3)";294;
1602034;"Głubczyce - urban area (4)";13;
1602035;"Głubczyce - rural area (5)";281;
1602043;"Kietrz (3)";140;
1602044;"Kietrz - urban area (4)";19;
1602045;"Kietrz - rural area (5)";121;
1603000;"Powiat kędzierzyńsko-kozielski";625;
1603011;"Kędzierzyn-Koźle (1)";124;
1603022;"Bierawa (2)";119;
1603032;"Cisek (2)";71;
1603042;"Pawłowiczki (2)";153;
1603052;"Polska Cerekiew (2)";60;
1603062;"Reńska Wieś (2)";98;
1604000;"Powiat kluczborski";852;
1604013;"Byczyna (3)";183;
1604014;"Byczyna - urban area (4)";6;
1604015;"Byczyna - rural area (5)";177;
1604023;"Kluczbork (3)";217;
1604024;"Kluczbork - urban area (4)";12;
1604025;"Kluczbork - rural area (5)";205;
1604032;"Lasowice Wielkie (2)";211;
1604043;"Wołczyn (3)";241;
1604044;"Wołczyn - urban area (4)";7;
1604045;"Wołczyn - rural area (5)";234;
1605000;"Powiat krapkowicki";442;
1605013;"Gogolin (3)";101;
1605014;"Gogolin - urban area (4)";21;
1605015;"Gogolin - rural area (5)";80;
1605023;"Krapkowice (3)";97;
1605024;"Krapkowice - urban area (4)";21;
1605025;"Krapkowice - rural area (5)";76;
1605032;"Strzeleczki (2)";118;
1605042;"Walce (2)";69;
1605053;"Zdzieszowice (3)";57;
1605054;"Zdzieszowice - urban area (4)";12;
1605055;"Zdzieszowice - rural area (5)";45;
1606000;"Powiat namysłowski";748;
1606012;"Domaszowice (2)";114;
1606023;"Namysłów (3)";290;
1606024;"Namysłów - urban area (4)";23;
1606025;"Namysłów - rural area (5)";267;
1606032;"Pokój (2)";133;
1606042;"Świerczów (2)";110;
1606052;"Wilków (2)";101;
1607000;"Powiat nyski";1224;
1607013;"Głuchołazy (3)";168;
1607014;"Głuchołazy - urban area (4)";6;
1607015;"Głuchołazy - rural area (5)";162;
1607022;"Kamiennik (2)";89;
1607033;"Korfantów (3)";180;
1607034;"Korfantów - urban area (4)";10;
1607035;"Korfantów - rural area (5)";170;
1607042;"Łambinowice (2)";124;
1607053;"Nysa (3)";218;
1607054;"Nysa - urban area (4)";28;
1607055;"Nysa - rural area (5)";190;
1607063;"Otmuchów (3)";187;
1607064;"Otmuchów - urban area (4)";50;
1607065;"Otmuchów - rural area (5)";137;
1607073;"Paczków (3)";80;
1607074;"Paczków - urban area (4)";7;
1607075;"Paczków - rural area (5)";73;
1607082;"Pakosławice (2)";74;
1607092;"Skoroszyce (2)";104;
1608000;"Powiat oleski";973;
1608013;"Dobrodzień (3)";163;
1608014;"Dobrodzień - urban area (4)";19;
1608015;"Dobrodzień - rural area (5)";144;
1608023;"Gorzów Śląski (3)";154;
1608024;"Gorzów Śląski - urban area (4)";19;
1608025;"Gorzów Śląski - rural area (5)";135;
1608033;"Olesno (3)";241;
1608034;"Olesno - urban area (4)";15;
1608035;"Olesno - rural area (5)";226;
1608043;"Praszka (3)";103;
1608044;"Praszka - urban area (4)";9;
1608045;"Praszka - rural area (5)";94;
1608052;"Radłów (2)";116;
1608062;"Rudniki (2)";100;
1608072;"Zębowice (2)";96;
1609000;"Powiat opolski";1534;
1609012;"Chrząstowice (2)";82;
1609022;"Dąbrowa (2)";114;
1609032;"Dobrzeń Wielki (2)";64;
1609042;"Komprachcice (2)";51;
1609052;"Łubniany (2)";126;
1609062;"Murów (2)";160;
1609073;"Niemodlin (3)";183;
1609074;"Niemodlin - urban area (4)";13;
1609075;"Niemodlin - rural area (5)";170;
1609083;"Ozimek (3)";126;
1609084;"Ozimek - urban area (4)";3;
1609085;"Ozimek - rural area (5)";123;
1609092;"Popielów (2)";176;
1609103;"Prószków (3)";118;
1609104;"Prószków - urban area (4)";16;
1609105;"Prószków - rural area (5)";102;
1609112;"Tarnów Opolski (2)";82;
1609123;"Tułowice (3)";81;
1609124;"Tułowice - urban area (4)";9;
1609125;"Tułowice - rural area (5)";72;
1609132;"Turawa (2)";171;
1610000;"Powiat prudnicki";572;
1610013;"Biała (3)";196;
1610014;"Biała - urban area (4)";15;
1610015;"Biała - rural area (5)";181;
1610023;"Głogówek (3)";170;
1610024;"Głogówek - urban area (4)";22;
1610025;"Głogówek - rural area (5)";148;
1610032;"Lubrza (2)";84;
1610043;"Prudnik (3)";122;
1610044;"Prudnik - urban area (4)";20;
1610045;"Prudnik - rural area (5)";102;
1611000;"Powiat strzelecki";744;
1611012;"Izbicko (2)";85;
1611022;"Jemielnica (2)";112;
1611033;"Kolonowskie (3)";84;
1611034;"Kolonowskie - urban area (4)";56;
1611035;"Kolonowskie - rural area (5)";28;
1611043;"Leśnica (3)";95;
1611044;"Leśnica - urban area (4)";15;
1611045;"Leśnica - rural area (5)";80;
1611053;"Strzelce Opolskie (3)";203;
1611054;"Strzelce Opolskie - urban area (4)";30;
1611055;"Strzelce Opolskie - rural area (5)";173;
1611063;"Ujazd (3)";83;
1611064;"Ujazd - urban area (4)";15;
1611065;"Ujazd - rural area (5)";68;
1611073;"Zawadzkie (3)";82;
1611074;"Zawadzkie - urban area (4)";16;
1611075;"Zawadzkie - rural area (5)";66;
1661000;"City with powiat status Opole";149;
1661011;"Opole (1)";149;
1800000;"PODKARPACKIE";17846;
1801000;"Powiat bieszczadzki";1139;
1801032;"Czarna (2)";185;
1801052;"Lutowiska (2)";475;
1801083;"Ustrzyki Dolne (3)";479;
1801084;"Ustrzyki Dolne - urban area (4)";17;
1801085;"Ustrzyki Dolne - rural area (5)";462;
1802000;"Powiat brzozowski";539;
1802013;"Brzozów (3)";103;
1802014;"Brzozów - urban area (4)";11;
1802015;"Brzozów - rural area (5)";92;
1802022;"Domaradz (2)";56;
1802032;"Dydnia (2)";130;
1802042;"Haczów (2)";72;
1802052;"Jasienica Rosielna (2)";57;
1802062;"Nozdrzec (2)";121;
1803000;"Powiat dębicki";777;
1803011;"Dębica (1)";34;
1803023;"Brzostek (3)";122;
1803024;"Brzostek - urban area (4)";9;
1803025;"Brzostek - rural area (5)";113;
1803032;"Czarna (2)";148;
1803042;"Dębica (2)";138;
1803052;"Jodłowa (2)";60;
1803063;"Pilzno (3)";165;
1803064;"Pilzno - urban area (4)";16;
1803065;"Pilzno - rural area (5)";149;
1803072;"Żyraków (2)";110;
1804000;"Powiat jarosławski";1029;
1804011;"Jarosław (1)";35;
1804021;"Radymno (1)";14;
1804032;"Chłopice (2)";49;
1804042;"Jarosław (2)";113;
1804052;"Laszki (2)";138;
1804062;"Pawłosiów (2)";47;
1804073;"Pruchnik (3)";80;
1804074;"Pruchnik - urban area (4)";20;
1804075;"Pruchnik - rural area (5)";60;
1804082;"Radymno (2)";182;
1804092;"Rokietnica (2)";57;
1804102;"Roźwienica (2)";69;
1804112;"Wiązownica (2)";245;
1805000;"Powiat jasielski";831;
1805011;"Jasło (1)";37;
1805022;"Brzyska (2)";45;
1805032;"Dębowiec (2)";86;
1805042;"Jasło (2)";93;
1805053;"Kołaczyce (3)";61;
1805054;"Kołaczyce - urban area (4)";7;
1805055;"Kołaczyce - rural area (5)";54;
1805062;"Krempna (2)";205;
1805072;"Nowy Żmigród (2)";104;
1805082;"Osiek Jasielski (2)";60;
1805092;"Skołyszyn (2)";78;
1805112;"Tarnowiec (2)";62;
1806000;"Powiat kolbuszowski";774;
1806012;"Cmolas (2)";134;
1806023;"Kolbuszowa (3)";171;
1806024;"Kolbuszowa - urban area (4)";8;
1806025;"Kolbuszowa - rural area (5)";163;
1806032;"Majdan Królewski (2)";155;
1806042;"Niwiska (2)";95;
1806052;"Raniżów (2)";97;
1806062;"Dzikowiec (2)";122;
1807000;"Powiat krośnieński";992;
1807012;"Chorkówka (2)";77;
1807023;"Dukla (3)";235;
1807024;"Dukla - urban area (4)";5;
1807025;"Dukla - rural area (5)";230;
1807033;"Iwonicz-Zdrój (3)";46;
1807034;"Iwonicz-Zdrój - urban area (4)";6;
1807035;"Iwonicz-Zdrój - rural area (5)";40;
1807043;"Jedlicze (3)";59;
1807044;"Jedlicze - urban area (4)";11;
1807045;"Jedlicze - rural area (5)";48;
1807052;"Korczyna (2)";93;
1807062;"Krościenko Wyżne (2)";15;
1807072;"Miejsce Piastowe (2)";51;
1807083;"Rymanów (3)";167;
1807084;"Rymanów - urban area (4)";12;
1807085;"Rymanów - rural area (5)";155;
1807092;"Wojaszówka (2)";83;
1807102;"Jaśliska (2)";166;
1808000;"Powiat leżajski";584;
1808011;"Leżajsk (1)";21;
1808022;"Grodzisko Dolne (2)";79;
1808032;"Kuryłówka (2)";142;
1808042;"Leżajsk (2)";198;
1808053;"Nowa Sarzyna (3)";144;
1808054;"Nowa Sarzyna - urban area (4)";9;
1808055;"Nowa Sarzyna - rural area (5)";135;
1809000;"Powiat lubaczowski";1308;
1809011;"Lubaczów (1)";26;
1809023;"Cieszanów (3)";219;
1809024;"Cieszanów - urban area (4)";15;
1809025;"Cieszanów - rural area (5)";204;
1809032;"Horyniec-Zdrój (2)";203;
1809042;"Lubaczów (2)";203;
1809053;"Narol (3)";203;
1809054;"Narol - urban area (4)";12;
1809055;"Narol - rural area (5)";191;
1809063;"Oleszyce (3)";152;
1809064;"Oleszyce - urban area (4)";5;
1809065;"Oleszyce - rural area (5)";147;
1809072;"Stary Dzików (2)";156;
1809082;"Wielkie Oczy (2)";146;
1810000;"Powiat łańcucki";452;
1810011;"Łańcut (1)";19;
1810022;"Białobrzegi (2)";56;
1810032;"Czarna (2)";78;
1810042;"Łańcut (2)";107;
1810052;"Markowa (2)";69;
1810062;"Rakszawa (2)";66;
1810072;"Żołynia (2)";57;
1811000;"Powiat mielecki";881;
1811011;"Mielec (1)";47;
1811022;"Borowa (2)";56;
1811032;"Czermin (2)";80;
1811042;"Gawłuszowice (2)";34;
1811052;"Mielec (2)";123;
1811062;"Padew Narodowa (2)";71;
1811073;"Przecław (3)";134;
1811074;"Przecław - urban area (4)";16;
1811075;"Przecław - rural area (5)";118;
1811083;"Radomyśl Wielki (3)";160;
1811084;"Radomyśl Wielki - urban area (4)";9;
1811085;"Radomyśl Wielki - rural area (5)";151;
1811092;"Tuszów Narodowy (2)";89;
1811102;"Wadowice Górne (2)";87;
1812000;"Powiat niżański";786;
1812012;"Harasiuki (2)";169;
1812022;"Jarocin (2)";91;
1812032;"Jeżowe (2)";124;
1812042;"Krzeszów (2)";62;
1812053;"Nisko (3)";142;
1812054;"Nisko - urban area (4)";61;
1812055;"Nisko - rural area (5)";81;
1812063;"Rudnik nad Sanem (3)";79;
1812064;"Rudnik nad Sanem - urban area (4)";37;
1812065;"Rudnik nad Sanem - rural area (5)";42;
1812073;"Ulanów (3)";119;
1812074;"Ulanów - urban area (4)";8;
1812075;"Ulanów - rural area (5)";111;
1813000;"Powiat przemyski";1211;
1813012;"Bircza (2)";254;
1813023;"Dubiecko (3)";154;
1813024;"Dubiecko - urban area (4)";2;
1813025;"Dubiecko - rural area (5)";152;
1813032;"Fredropol (2)";160;
1813042;"Krasiczyn (2)";124;
1813052;"Krzywcza (2)";95;
1813062;"Medyka (2)";61;
1813072;"Orły (2)";70;
1813082;"Przemyśl (2)";108;
1813092;"Stubno (2)";89;
1813102;"Żurawica (2)";96;
1814000;"Powiat przeworski";698;
1814011;"Przeworsk (1)";22;
1814022;"Adamówka (2)";134;
1814032;"Gać (2)";36;
1814042;"Jawornik Polski (2)";63;
1814053;"Kańczuga (3)";105;
1814054;"Kańczuga - urban area (4)";8;
1814055;"Kańczuga - rural area (5)";97;
1814062;"Przeworsk (2)";91;
1814073;"Sieniawa (3)";128;
1814074;"Sieniawa - urban area (4)";7;
1814075;"Sieniawa - rural area (5)";121;
1814082;"Tryńcza (2)";70;
1814092;"Zarzecze (2)";49;
1815000;"Powiat ropczycko-sędziszowski";548;
1815012;"Iwierzyce (2)";66;
1815022;"Ostrów (2)";96;
1815033;"Ropczyce (3)";139;
1815034;"Ropczyce - urban area (4)";47;
1815035;"Ropczyce - rural area (5)";92;
1815043;"Sędziszów Małopolski (3)";154;
1815044;"Sędziszów Małopolski - urban area (4)";37;
1815045;"Sędziszów Małopolski - rural area (5)";117;
1815052;"Wielopole Skrzyńskie (2)";93;
1816000;"Powiat rzeszowski";1144;
1816011;"Dynów (1)";25;
1816023;"Błażowa (3)";113;
1816024;"Błażowa - urban area (4)";4;
1816025;"Błażowa - rural area (5)";109;
1816033;"Boguchwała (3)";89;
1816034;"Boguchwała - urban area (4)";8;
1816035;"Boguchwała - rural area (5)";81;
1816042;"Chmielnik (2)";53;
1816052;"Dynów (2)";118;
1816063;"Głogów Małopolski (3)";141;
1816064;"Głogów Małopolski - urban area (4)";38;
1816065;"Głogów Małopolski - rural area (5)";103;
1816072;"Hyżne (2)";51;
1816082;"Kamień (2)";74;
1816092;"Krasne (2)";39;
1816102;"Lubenia (2)";55;
1816113;"Sokołów Małopolski (3)";134;
1816114;"Sokołów Małopolski - urban area (4)";16;
1816115;"Sokołów Małopolski - rural area (5)";118;
1816122;"Świlcza (2)";108;
1816132;"Trzebownisko (2)";90;
1816143;"Tyczyn (3)";54;
1816144;"Tyczyn - urban area (4)";9;
1816145;"Tyczyn - rural area (5)";45;
1817000;"Powiat sanocki";1156;
1817011;"Sanok (1)";38;
1817022;"Besko (2)";27;
1817032;"Bukowsko (2)";137;
1817042;"Komańcza (2)";388;
1817052;"Sanok (2)";232;
1817062;"Tyrawa Wołoska (2)";69;
1817073;"Zagórz (3)";160;
1817074;"Zagórz - urban area (4)";22;
1817075;"Zagórz - rural area (5)";138;
1817082;"Zarszyn (2)";105;
1818000;"Powiat stalowowolski";832;
1818011;"Stalowa Wola (1)";83;
1818022;"Bojanów (2)";179;
1818032;"Pysznica (2)";147;
1818042;"Radomyśl nad Sanem (2)";134;
1818053;"Zaklików (3)";202;
1818054;"Zaklików - urban area (4)";11;
1818055;"Zaklików - rural area (5)";191;
1818062;"Zaleszany (2)";87;
1819000;"Powiat strzyżowski";504;
1819012;"Czudec (2)";85;
1819022;"Frysztak (2)";91;
1819032;"Niebylec (2)";105;
1819043;"Strzyżów (3)";140;
1819044;"Strzyżów - urban area (4)";14;
1819045;"Strzyżów - rural area (5)";126;
1819052;"Wiśniowa (2)";83;
1820000;"Powiat tarnobrzeski";521;
1820013;"Baranów Sandomierski (3)";122;
1820014;"Baranów Sandomierski - urban area (4)";9;
1820015;"Baranów Sandomierski - rural area (5)";113;
1820022;"Gorzyce (2)";69;
1820032;"Grębów (2)";187;
1820043;"Nowa Dęba (3)";143;
1820044;"Nowa Dęba - urban area (4)";17;
1820045;"Nowa Dęba - rural area (5)";126;
1821000;"Powiat leski";835;
1821012;"Baligród (2)";158;
1821022;"Cisna (2)";287;
1821033;"Lesko (3)";111;
1821034;"Lesko - urban area (4)";15;
1821035;"Lesko - rural area (5)";96;
1821042;"Olszanica (2)";94;
1821052;"Solina (2)";185;
1861000;"City with powiat status Krosno";45;
1861011;"Krosno (1)";45;
1862000;"City with powiat status Przemyśl";46;
1862011;"Przemyśl (1)";46;
1863000;"City with powiat status Rzeszów";129;
1863011;"Rzeszów (1)";129;
1864000;"City with powiat status Tarnobrzeg";85;
1864011;"Tarnobrzeg (1)";85;
2000000;"PODLASKIE";20187;
2001000;"Powiat augustowski";1659;
2001011;"Augustów (1)";81;
2001022;"Augustów (2)";267;
2001032;"Bargłów Kościelny (2)";188;
2001043;"Lipsk (3)";184;
2001044;"Lipsk - urban area (4)";5;
2001045;"Lipsk - rural area (5)";179;
2001052;"Nowinka (2)";204;
2001062;"Płaska (2)";372;
2001072;"Sztabin (2)";363;
2002000;"Powiat białostocki";2975;
2002013;"Choroszcz (3)";164;
2002014;"Choroszcz - urban area (4)";17;
2002015;"Choroszcz - rural area (5)";147;
2002023;"Czarna Białostocka (3)";206;
2002024;"Czarna Białostocka - urban area (4)";14;
2002025;"Czarna Białostocka - rural area (5)";192;
2002032;"Dobrzyniewo Duże (2)";161;
2002042;"Gródek (2)";429;
2002052;"Juchnowiec Kościelny (2)";171;
2002063;"Łapy (3)";128;
2002064;"Łapy - urban area (4)";12;
2002065;"Łapy - rural area (5)";116;
2002073;"Michałowo (3)";409;
2002074;"Michałowo - urban area (4)";2;
2002075;"Michałowo - rural area (5)";407;
2002082;"Poświętne (2)";115;
2002093;"Supraśl (3)";189;
2002094;"Supraśl - urban area (4)";6;
2002095;"Supraśl - rural area (5)";183;
2002103;"Suraż (3)";77;
2002104;"Suraż - urban area (4)";34;
2002105;"Suraż - rural area (5)";43;
2002112;"Turośń Kościelna (2)";140;
2002123;"Tykocin (3)";207;
2002124;"Tykocin - urban area (4)";29;
2002125;"Tykocin - rural area (5)";178;
2002133;"Wasilków (3)";127;
2002134;"Wasilków - urban area (4)";28;
2002135;"Wasilków - rural area (5)";99;
2002143;"Zabłudów (3)";340;
2002144;"Zabłudów - urban area (4)";14;
2002145;"Zabłudów - rural area (5)";326;
2002152;"Zawady (2)";112;
2003000;"Powiat bielski";1385;
2003011;"Bielsk Podlaski (1)";27;
2003021;"Brańsk (1)";32;
2003032;"Bielsk Podlaski (2)";431;
2003042;"Boćki (2)";232;
2003052;"Brańsk (2)";227;
2003062;"Orla (2)";160;
2003072;"Rudka (2)";70;
2003082;"Wyszki (2)";206;
2004000;"Powiat grajewski";968;
2004011;"Grajewo (1)";19;
2004022;"Grajewo (2)";308;
2004032;"Radziłów (2)";200;
2004043;"Rajgród (3)";207;
2004044;"Rajgród - urban area (4)";35;
2004045;"Rajgród - rural area (5)";172;
2004053;"Szczuczyn (3)";116;
2004054;"Szczuczyn - urban area (4)";13;
2004055;"Szczuczyn - rural area (5)";103;
2004062;"Wąsosz (2)";118;
2005000;"Powiat hajnowski";1624;
2005011;"Hajnówka (1)";21;
2005022;"Białowieża (2)";203;
2005032;"Czeremcha (2)";97;
2005042;"Czyże (2)";135;
2005052;"Dubicze Cerkiewne (2)";151;
2005062;"Hajnówka (2)";293;
2005073;"Kleszczele (3)";143;
2005074;"Kleszczele - urban area (4)";47;
2005075;"Kleszczele - rural area (5)";96;
2005082;"Narew (2)";242;
2005092;"Narewka (2)";339;
2006000;"Powiat kolneński";940;
2006011;"Kolno (1)";25;
2006022;"Grabowo (2)";129;
2006032;"Kolno (2)";281;
2006042;"Mały Płock (2)";140;
2006053;"Stawiski (3)";166;
2006054;"Stawiski - urban area (4)";13;
2006055;"Stawiski - rural area (5)";153;
2006062;"Turośl (2)";199;
2007000;"Powiat łomżyński";1355;
2007013;"Jedwabne (3)";159;
2007014;"Jedwabne - urban area (4)";4;
2007015;"Jedwabne - rural area (5)";155;
2007022;"Łomża (2)";207;
2007032;"Miastkowo (2)";115;
2007043;"Nowogród (3)";101;
2007044;"Nowogród - urban area (4)";21;
2007045;"Nowogród - rural area (5)";80;
2007052;"Piątnica (2)";220;
2007062;"Przytuły (2)";71;
2007072;"Śniadowo (2)";163;
2007082;"Wizna (2)";133;
2007092;"Zbójna (2)";186;
2008000;"Powiat moniecki";1382;
2008013;"Goniądz (3)";377;
2008014;"Goniądz - urban area (4)";4;
2008015;"Goniądz - rural area (5)";373;
2008022;"Jasionówka (2)";97;
2008032;"Jaświły (2)";175;
2008043;"Knyszyn (3)";127;
2008044;"Knyszyn - urban area (4)";24;
2008045;"Knyszyn - rural area (5)";103;
2008052;"Krypno (2)";112;
2008063;"Mońki (3)";162;
2008064;"Mońki - urban area (4)";8;
2008065;"Mońki - rural area (5)";154;
2008072;"Trzcianne (2)";332;
2009000;"Powiat sejneński";855;
2009011;"Sejny (1)";4;
2009022;"Giby (2)";323;
2009032;"Krasnopol (2)";172;
2009042;"Puńsk (2)";139;
2009052;"Sejny (2)";217;
2010000;"Powiat siemiatycki";1459;
2010011;"Siemiatycze (1)";36;
2010023;"Drohiczyn (3)";208;
2010024;"Drohiczyn - urban area (4)";16;
2010025;"Drohiczyn - rural area (5)";192;
2010032;"Dziadkowice (2)";116;
2010042;"Grodzisk (2)";203;
2010052;"Mielnik (2)";196;
2010062;"Milejczyce (2)";151;
2010072;"Nurzec-Stacja (2)";215;
2010082;"Perlejewo (2)";107;
2010092;"Siemiatycze (2)";227;
2011000;"Powiat sokólski";2055;
2011013;"Dąbrowa Białostocka (3)";264;
2011014;"Dąbrowa Białostocka - urban area (4)";23;
2011015;"Dąbrowa Białostocka - rural area (5)";241;
2011022;"Janów (2)";208;
2011032;"Korycin (2)";117;
2011043;"Krynki (3)";166;
2011044;"Krynki - urban area (4)";4;
2011045;"Krynki - rural area (5)";162;
2011052;"Kuźnica (2)";133;
2011062;"Nowy Dwór (2)";121;
2011072;"Sidra (2)";174;
2011083;"Sokółka (3)";314;
2011084;"Sokółka - urban area (4)";19;
2011085;"Sokółka - rural area (5)";295;
2011093;"Suchowola (3)";256;
2011094;"Suchowola - urban area (4)";26;
2011095;"Suchowola - rural area (5)";230;
2011102;"Szudziałowo (2)";302;
2012000;"Powiat suwalski";1307;
2012012;"Bakałarzewo (2)";123;
2012022;"Filipów (2)";151;
2012032;"Jeleniewo (2)";131;
2012042;"Przerośl (2)";124;
2012052;"Raczki (2)";142;
2012062;"Rutka-Tartak (2)";103;
2012072;"Suwałki (2)";265;
2012082;"Szypliszki (2)";156;
2012092;"Wiżajny (2)";112;
2013000;"Powiat wysokomazowiecki";1289;
2013011;"Wysokie Mazowieckie (1)";15;
2013023;"Ciechanowiec (3)";201;
2013024;"Ciechanowiec - urban area (4)";20;
2013025;"Ciechanowiec - rural area (5)";181;
2013033;"Czyżew (3)";130;
2013034;"Czyżew - urban area (4)";5;
2013035;"Czyżew - rural area (5)";125;
2013042;"Klukowo (2)";124;
2013052;"Kobylin-Borzymy (2)";119;
2013062;"Kulesze Kościelne (2)";115;
2013072;"Nowe Piekuty (2)";110;
2013082;"Sokoły (2)";156;
2013093;"Szepietowo (3)";152;
2013094;"Szepietowo - urban area (4)";3;
2013095;"Szepietowo - rural area (5)";149;
2013102;"Wysokie Mazowieckie (2)";167;
2014000;"Powiat zambrowski";733;
2014011;"Zambrów (1)";19;
2014022;"Kołaki Kościelne (2)";74;
2014032;"Rutki (2)";200;
2014042;"Szumowo (2)";141;
2014052;"Zambrów (2)";299;
2061000;"City with powiat status Białystok";102;
2061011;"Białystok (1)";102;
2062000;"City with powiat status Łomża";33;
2062011;"Łomża (1)";33;
2063000;"City with powiat status Suwałki";66;
2063011;"Suwałki (1)";66;
2200000;"POMORSKIE";18323;
2201000;"Powiat bytowski";2192;
2201012;"Borzytuchom (2)";109;
2201023;"Bytów (3)";197;
2201024;"Bytów - urban area (4)";9;
2201025;"Bytów - rural area (5)";188;
2201032;"Czarna Dąbrówka (2)";298;
2201042;"Kołczygłowy (2)";170;
2201052;"Lipnica (2)";308;
2201063;"Miastko (3)";466;
2201064;"Miastko - urban area (4)";6;
2201065;"Miastko - rural area (5)";460;
2201072;"Parchowo (2)";131;
2201082;"Studzienice (2)";176;
2201092;"Trzebielino (2)";226;
2201102;"Tuchomie (2)";111;
2202000;"Powiat chojnicki";1364;
2202011;"Chojnice (1)";21;
2202023;"Brusy (3)";400;
2202024;"Brusy - urban area (4)";5;
2202025;"Brusy - rural area (5)";395;
2202032;"Chojnice (2)";458;
2202043;"Czersk (3)";380;
2202044;"Czersk - urban area (4)";10;
2202045;"Czersk - rural area (5)";370;
2202052;"Konarzyny (2)";105;
2203000;"Powiat człuchowski";1575;
2203011;"Człuchów (1)";13;
2203023;"Czarne (3)";235;
2203024;"Czarne - urban area (4)";46;
2203025;"Czarne - rural area (5)";189;
2203032;"Człuchów (2)";361;
2203043;"Debrzno (3)";224;
2203044;"Debrzno - urban area (4)";7;
2203045;"Debrzno - rural area (5)";217;
2203052;"Koczała (2)";223;
2203062;"Przechlewo (2)";244;
2203072;"Rzeczenica (2)";275;
2204000;"Powiat gdański";794;
2204011;"Pruszcz Gdański (1)";16;
2204022;"Cedry Wielkie (2)";124;
2204032;"Kolbudy (2)";83;
2204042;"Pruszcz Gdański (2)";144;
2204052;"Przywidz (2)";129;
2204062;"Pszczółki (2)";50;
2204072;"Suchy Dąb (2)";85;
2204082;"Trąbki Wielkie (2)";163;
2205000;"Powiat kartuski";1121;
2205012;"Chmielno (2)";79;
2205023;"Kartuzy (3)";206;
2205024;"Kartuzy - urban area (4)";7;
2205025;"Kartuzy - rural area (5)";199;
2205032;"Przodkowo (2)";85;
2205042;"Sierakowice (2)";183;
2205052;"Somonino (2)";112;
2205062;"Stężyca (2)";161;
2205072;"Sulęczyno (2)";131;
2205083;"Żukowo (3)";164;
2205084;"Żukowo - urban area (4)";5;
2205085;"Żukowo - rural area (5)";159;
2206000;"Powiat kościerski";1166;
2206011;"Kościerzyna (1)";16;
2206022;"Dziemiany (2)";125;
2206032;"Karsin (2)";169;
2206042;"Kościerzyna (2)";311;
2206052;"Liniewo (2)";110;
2206062;"Lipusz (2)";109;
2206072;"Nowa Karczma (2)";113;
2206082;"Stara Kiszewa (2)";213;
2207000;"Powiat kwidzyński";835;
2207011;"Kwidzyn (1)";22;
2207022;"Gardeja (2)";193;
2207032;"Kwidzyn (2)";207;
2207043;"Prabuty (3)";197;
2207044;"Prabuty - urban area (4)";7;
2207045;"Prabuty - rural area (5)";190;
2207052;"Ryjewo (2)";104;
2207062;"Sadlinki (2)";112;
2208000;"Powiat lęborski";708;
2208011;"Lębork (1)";18;
2208021;"Łeba (1)";17;
2208032;"Cewice (2)";188;
2208042;"Nowa Wieś Lęborska (2)";270;
2208052;"Wicko (2)";215;
2209000;"Powiat malborski";494;
2209011;"Malbork (1)";17;
2209032;"Lichnowy (2)";89;
2209042;"Malbork (2)";101;
2209062;"Miłoradz (2)";94;
2209073;"Nowy Staw (3)";114;
2209074;"Nowy Staw - urban area (4)";5;
2209075;"Nowy Staw - rural area (5)";109;
2209082;"Stare Pole (2)";79;
2210000;"Powiat nowodworski";674;
2210011;"Krynica Morska (1)";118;
2210023;"Nowy Dwór Gdański (3)";213;
2210024;"Nowy Dwór Gdański - urban area (4)";5;
2210025;"Nowy Dwór Gdański - rural area (5)";208;
2210032;"Ostaszewo (2)";61;
2210042;"Stegna (2)";170;
2210052;"Sztutowo (2)";112;
2211000;"Powiat pucki";581;
2211011;"Hel (1)";23;
2211023;"Jastarnia (3)";10;
2211024;"Jastarnia - urban area (4)";5;
2211025;"Jastarnia - rural area (5)";5;
2211031;"Puck (1)";5;
2211043;"Władysławowo (3)";42;
2211044;"Władysławowo - urban area (4)";13;
2211045;"Władysławowo - rural area (5)";29;
2211052;"Kosakowo (2)";50;
2211062;"Krokowa (2)";214;
2211072;"Puck (2)";237;
2212000;"Powiat słupski";2304;
2212011;"Ustka (1)";10;
2212022;"Damnica (2)";168;
2212032;"Dębnica Kaszubska (2)";300;
2212042;"Główczyce (2)";322;
2212053;"Kępice (3)";293;
2212054;"Kępice - urban area (4)";6;
2212055;"Kępice - rural area (5)";287;
2212062;"Kobylnica (2)";244;
2212072;"Potęgowo (2)";228;
2212082;"Redzikowo (2)";262;
2212092;"Smołdzino (2)";260;
2212102;"Ustka (2)";217;
2213000;"Powiat starogardzki";1345;
2213013;"Czarna Woda (3)";28;
2213014;"Czarna Woda - urban area (4)";10;
2213015;"Czarna Woda - rural area (5)";18;
2213021;"Skórcz (1)";4;
2213031;"Starogard Gdański (1)";25;
2213042;"Bobowo (2)";52;
2213052;"Kaliska (2)";111;
2213062;"Lubichowo (2)";160;
2213072;"Osieczna (2)";123;
2213082;"Osiek (2)";156;
2213093;"Skarszewy (3)";170;
2213094;"Skarszewy - urban area (4)";11;
2213095;"Skarszewy - rural area (5)";159;
2213102;"Skórcz (2)";97;
2213112;"Smętowo Graniczne (2)";86;
2213122;"Starogard Gdański (2)";195;
2213132;"Zblewo (2)";138;
2214000;"Powiat tczewski";697;
2214011;"Tczew (1)";22;
2214023;"Gniew (3)";194;
2214024;"Gniew - urban area (4)";7;
2214025;"Gniew - rural area (5)";187;
2214032;"Morzeszczyn (2)";91;
2214043;"Pelplin (3)";141;
2214044;"Pelplin - urban area (4)";4;
2214045;"Pelplin - rural area (5)";137;
2214052;"Subkowy (2)";78;
2214062;"Tczew (2)";171;
2215000;"Powiat wejherowski";1285;
2215011;"Reda (1)";34;
2215021;"Rumia (1)";30;
2215031;"Wejherowo (1)";27;
2215042;"Choczewo (2)";183;
2215052;"Gniewino (2)";176;
2215062;"Linia (2)";120;
2215072;"Luzino (2)";111;
2215082;"Łęczyce (2)";233;
2215092;"Szemud (2)";177;
2215102;"Wejherowo (2)";194;
2216000;"Powiat sztumski";731;
2216013;"Dzierzgoń (3)";131;
2216014;"Dzierzgoń - urban area (4)";4;
2216015;"Dzierzgoń - rural area (5)";127;
2216022;"Mikołajki Pomorskie (2)";92;
2216032;"Stary Dzierzgoń (2)";186;
2216042;"Stary Targ (2)";141;
2216053;"Sztum (3)";181;
2216054;"Sztum - urban area (4)";5;
2216055;"Sztum - rural area (5)";176;
2261000;"City with powiat status Gdańsk";262;
2261011;"Gdańsk (1)";262;
2262000;"City with powiat status Gdynia";135;
2262011;"Gdynia (1)";135;
2263000;"City with powiat status Słupsk";43;
2263011;"Słupsk (1)";43;
2264000;"City with powiat status Sopot";17;
2264011;"Sopot (1)";17;
2400000;"ŚLĄSKIE";12333;
2401000;"Powiat będziński";364;
2401011;"Będzin (1)";37;
2401021;"Czeladź (1)";16;
2401031;"Wojkowice (1)";13;
2401042;"Bobrowniki (2)";52;
2401052;"Mierzęcice (2)";49;
2401062;"Psary (2)";46;
2401073;"Siewierz (3)";114;
2401074;"Siewierz - urban area (4)";39;
2401075;"Siewierz - rural area (5)";75;
2401081;"Sławków (1)";37;
2402000;"Powiat bielski";459;
2402011;"Szczyrk (1)";39;
2402022;"Bestwina (2)";38;
2402032;"Buczkowice (2)";19;
2402043;"Czechowice-Dziedzice (3)";66;
2402044;"Czechowice-Dziedzice - urban area (4)";33;
2402045;"Czechowice-Dziedzice - rural area (5)";33;
2402052;"Jasienica (2)";93;
2402062;"Jaworze (2)";21;
2402072;"Kozy (2)";27;
2402082;"Porąbka (2)";65;
2402093;"Wilamowice (3)";57;
2402094;"Wilamowice - urban area (4)";10;
2402095;"Wilamowice - rural area (5)";47;
2402102;"Wilkowice (2)";34;
2403000;"Powiat cieszyński";730;
2403011;"Cieszyn (1)";29;
2403021;"Ustroń (1)";59;
2403031;"Wisła (1)";109;
2403042;"Brenna (2)";95;
2403052;"Chybie (2)";32;
2403062;"Dębowiec (2)";43;
2403072;"Goleszów (2)";66;
2403082;"Hażlach (2)";49;
2403092;"Istebna (2)";84;
2403103;"Skoczów (3)";64;
2403104;"Skoczów - urban area (4)";10;
2403105;"Skoczów - rural area (5)";54;
2403113;"Strumień (3)";59;
2403114;"Strumień - urban area (4)";6;
2403115;"Strumień - rural area (5)";53;
2403122;"Zebrzydowice (2)";41;
2404000;"Powiat częstochowski";1521;
2404013;"Blachownia (3)";67;
2404014;"Blachownia - urban area (4)";36;
2404015;"Blachownia - rural area (5)";31;
2404022;"Dąbrowa Zielona (2)";100;
2404032;"Janów (2)";146;
2404042;"Kamienica Polska (2)";46;
2404052;"Kłomnice (2)";147;
2404063;"Koniecpol (3)";147;
2404064;"Koniecpol - urban area (4)";37;
2404065;"Koniecpol - rural area (5)";110;
2404072;"Konopiska (2)";79;
2404082;"Kruszyna (2)";94;
2404092;"Lelów (2)";124;
2404102;"Mstów (2)";120;
2404112;"Mykanów (2)";141;
2404122;"Olsztyn (2)";109;
2404132;"Poczesna (2)";60;
2404142;"Przyrów (2)";80;
2404152;"Rędziny (2)";41;
2404162;"Starcza (2)";20;
2405000;"Powiat gliwicki";664;
2405011;"Knurów (1)";34;
2405021;"Pyskowice (1)";31;
2405032;"Gierałtowice (2)";38;
2405042;"Pilchowice (2)";70;
2405052;"Rudziniec (2)";159;
2405063;"Sośnicowice (3)";116;
2405064;"Sośnicowice - urban area (4)";11;
2405065;"Sośnicowice - rural area (5)";105;
2405073;"Toszek (3)";100;
2405074;"Toszek - urban area (4)";10;
2405075;"Toszek - rural area (5)";90;
2405082;"Wielowieś (2)";116;
2406000;"Powiat kłobucki";889;
2406013;"Kłobuck (3)";130;
2406014;"Kłobuck - urban area (4)";47;
2406015;"Kłobuck - rural area (5)";83;
2406023;"Krzepice (3)";79;
2406024;"Krzepice - urban area (4)";28;
2406025;"Krzepice - rural area (5)";51;
2406032;"Lipie (2)";99;
2406042;"Miedźno (2)";113;
2406052;"Opatów (2)";73;
2406062;"Panki (2)";55;
2406072;"Popów (2)";102;
2406082;"Przystajń (2)";89;
2406092;"Wręczyca Wielka (2)";149;
2407000;"Powiat lubliniecki";822;
2407011;"Lubliniec (1)";89;
2407022;"Boronów (2)";57;
2407032;"Ciasna (2)";134;
2407042;"Herby (2)";86;
2407052;"Kochanowice (2)";80;
2407062;"Koszęcin (2)";129;
2407072;"Pawonków (2)";119;
2407083;"Woźniki (3)";128;
2407084;"Woźniki - urban area (4)";71;
2407085;"Woźniki - rural area (5)";57;
2408000;"Powiat mikołowski";233;
2408011;"Łaziska Górne (1)";20;
2408021;"Mikołów (1)";79;
2408031;"Orzesze (1)";84;
2408042;"Ornontowice (2)";15;
2408052;"Wyry (2)";35;
2409000;"Powiat myszkowski";479;
2409011;"Myszków (1)";74;
2409023;"Koziegłowy (3)";160;
2409024;"Koziegłowy - urban area (4)";27;
2409025;"Koziegłowy - rural area (5)";133;
2409032;"Niegowa (2)";87;
2409042;"Poraj (2)";57;
2409053;"Żarki (3)";101;
2409054;"Żarki - urban area (4)";25;
2409055;"Żarki - rural area (5)";76;
2410000;"Powiat pszczyński";471;
2410012;"Goczałkowice-Zdrój (2)";47;
2410022;"Kobiór (2)";48;
2410032;"Miedźna (2)";50;
2410042;"Pawłowice (2)";76;
2410053;"Pszczyna (3)";175;
2410054;"Pszczyna - urban area (4)";22;
2410055;"Pszczyna - rural area (5)";153;
2410062;"Suszec (2)";75;
2411000;"Powiat raciborski";544;
2411011;"Racibórz (1)";75;
2411022;"Kornowac (2)";26;
2411033;"Krzanowice (3)";47;
2411034;"Krzanowice - urban area (4)";4;
2411035;"Krzanowice - rural area (5)";43;
2411042;"Krzyżanowice (2)";70;
2411053;"Kuźnia Raciborska (3)";127;
2411054;"Kuźnia Raciborska - urban area (4)";31;
2411055;"Kuźnia Raciborska - rural area (5)";96;
2411062;"Nędza (2)";57;
2411072;"Pietrowice Wielkie (2)";68;
2411082;"Rudnik (2)";74;
2412000;"Powiat rybnicki";224;
2412013;"Czerwionka-Leszczyny (3)";115;
2412014;"Czerwionka-Leszczyny - urban area (4)";38;
2412015;"Czerwionka-Leszczyny - rural area (5)";77;
2412022;"Gaszowice (2)";20;
2412032;"Jejkowice (2)";8;
2412042;"Lyski (2)";57;
2412052;"Świerklany (2)";24;
2413000;"Powiat tarnogórski";644;
2413011;"Kalety (1)";76;
2413021;"Miasteczko Śląskie (1)";68;
2413031;"Radzionków (1)";13;
2413041;"Tarnowskie Góry (1)";84;
2413052;"Krupski Młyn (2)";39;
2413062;"Ożarowice (2)";46;
2413072;"Świerklaniec (2)";45;
2413082;"Tworóg (2)";125;
2413092;"Zbrosławice (2)";148;
2414000;"Powiat bieruńsko-lędziński";158;
2414011;"Bieruń (1)";40;
2414021;"Imielin (1)";28;
2414031;"Lędziny (1)";32;
2414042;"Bojszowy (2)";35;
2414052;"Chełm Śląski (2)";23;
2415000;"Powiat wodzisławski";287;
2415011;"Pszów (1)";20;
2415021;"Radlin (1)";13;
2415031;"Rydułtowy (1)";15;
2415041;"Wodzisław Śląski (1)";50;
2415052;"Godów (2)";38;
2415062;"Gorzyce (2)";64;
2415072;"Lubomia (2)";42;
2415082;"Marklowice (2)";14;
2415092;"Mszana (2)";31;
2416000;"Powiat zawierciański";1003;
2416011;"Poręba (1)";40;
2416021;"Zawiercie (1)";85;
2416032;"Irządze (2)";71;
2416042;"Kroczyce (2)";110;
2416053;"Łazy (3)";133;
2416054;"Łazy - urban area (4)";9;
2416055;"Łazy - rural area (5)";124;
2416063;"Ogrodzieniec (3)";85;
2416064;"Ogrodzieniec - urban area (4)";29;
2416065;"Ogrodzieniec - rural area (5)";56;
2416073;"Pilica (3)";143;
2416074;"Pilica - urban area (4)";8;
2416075;"Pilica - rural area (5)";135;
2416083;"Szczekociny (3)";134;
2416084;"Szczekociny - urban area (4)";18;
2416085;"Szczekociny - rural area (5)";116;
2416092;"Włodowice (2)";77;
2416102;"Żarnowiec (2)";125;
2417000;"Powiat żywiecki";1040;
2417011;"Żywiec (1)";51;
2417022;"Czernichów (2)";56;
2417032;"Gilowice (2)";28;
2417042;"Jeleśnia (2)";170;
2417052;"Koszarawa (2)";32;
2417062;"Lipowa (2)";59;
2417072;"Łękawica (2)";43;
2417082;"Łodygowice (2)";36;
2417092;"Milówka (2)";99;
2417102;"Radziechowy-Wieprz (2)";65;
2417112;"Rajcza (2)";131;
2417122;"Ślemień (2)";45;
2417132;"Świnna (2)";39;
2417142;"Ujsoły (2)";110;
2417152;"Węgierska Górka (2)";76;
2461000;"City with powiat status Bielsko-Biała";125;
2461011;"Bielsko-Biała (1)";125;
2462000;"City with powiat status Bytom";69;
2462011;"Bytom (1)";69;
2463000;"City with powiat status Chorzów";33;
2463011;"Chorzów (1)";33;
2464000;"City with powiat status Częstochowa";160;
2464011;"Częstochowa (1)";160;
2465000;"City with powiat status Dąbrowa Górnicza";189;
2465011;"Dąbrowa Górnicza (1)";189;
2466000;"City with powiat status Gliwice";134;
2466011;"Gliwice (1)";134;
2467000;"City with powiat status Jastrzębie-Zdrój";85;
2467011;"Jastrzębie-Zdrój (1)";85;
2468000;"City with powiat status Jaworzno";153;
2468011;"Jaworzno (1)";153;
2469000;"City with powiat status Katowice";165;
2469011;"Katowice (1)";165;
2470000;"City with powiat status Mysłowice";66;
2470011;"Mysłowice (1)";66;
2471000;"City with powiat status Piekary Śląskie";40;
2471011;"Piekary Śląskie (1)";40;
2472000;"City with powiat status Ruda Śląska";78;
2472011;"Ruda Śląska (1)";78;
2473000;"City with powiat status Rybnik";148;
2473011;"Rybnik (1)";148;
2474000;"City with powiat status Siemianowice Śląskie";25;
2474011;"Siemianowice Śląskie (1)";25;
2475000;"City with powiat status Sosnowiec";91;
2475011;"Sosnowiec (1)";91;
2476000;"City with powiat status Świętochłowice";13;
2476011;"Świętochłowice (1)";13;
2477000;"City with powiat status Tychy";82;
2477011;"Tychy (1)";82;
2478000;"City with powiat status Zabrze";80;
2478011;"Zabrze (1)";80;
2479000;"City with powiat status Żory";65;
2479011;"Żory (1)";65;
2600000;"ŚWIĘTOKRZYSKIE";11710;
2601000;"Powiat buski";968;
2601013;"Busko-Zdrój (3)";236;
2601014;"Busko-Zdrój - urban area (4)";12;
2601015;"Busko-Zdrój - rural area (5)";224;
2601022;"Gnojno (2)";96;
2601033;"Nowy Korczyn (3)";117;
2601034;"Nowy Korczyn - urban area (4)";8;
2601035;"Nowy Korczyn - rural area (5)";109;
2601043;"Pacanów (3)";125;
2601044;"Pacanów - urban area (4)";7;
2601045;"Pacanów - rural area (5)";118;
2601052;"Solec-Zdrój (2)";85;
2601063;"Stopnica (3)";125;
2601064;"Stopnica - urban area (4)";4;
2601065;"Stopnica - rural area (5)";121;
2601072;"Tuczępy (2)";84;
2601083;"Wiślica (3)";100;
2601084;"Wiślica - urban area (4)";5;
2601085;"Wiślica - rural area (5)";95;
2602000;"Powiat jędrzejowski";1257;
2602012;"Imielno (2)";101;
2602023;"Jędrzejów (3)";227;
2602024;"Jędrzejów - urban area (4)";11;
2602025;"Jędrzejów - rural area (5)";216;
2602033;"Małogoszcz (3)";146;
2602034;"Małogoszcz - urban area (4)";10;
2602035;"Małogoszcz - rural area (5)";136;
2602042;"Nagłowice (2)";117;
2602052;"Oksa (2)";91;
2602063;"Sędziszów (3)";146;
2602064;"Sędziszów - urban area (4)";8;
2602065;"Sędziszów - rural area (5)";138;
2602072;"Słupia (2)";108;
2602082;"Sobków (2)";144;
2602093;"Wodzisław (3)";177;
2602094;"Wodzisław - urban area (4)";8;
2602095;"Wodzisław - rural area (5)";169;
2603000;"Powiat kazimierski";422;
2603012;"Bejsce (2)";57;
2603022;"Czarnocin (2)";70;
2603033;"Kazimierza Wielka (3)";140;
2603034;"Kazimierza Wielka - urban area (4)";6;
2603035;"Kazimierza Wielka - rural area (5)";134;
2603043;"Opatowiec (3)";69;
2603044;"Opatowiec - urban area (4)";6;
2603045;"Opatowiec - rural area (5)";63;
2603053;"Skalbmierz (3)";86;
2603054;"Skalbmierz - urban area (4)";7;
2603055;"Skalbmierz - rural area (5)";79;
2604000;"Powiat kielecki";2246;
2604012;"Bieliny (2)";88;
2604023;"Bodzentyn (3)";160;
2604024;"Bodzentyn - urban area (4)";8;
2604025;"Bodzentyn - rural area (5)";152;
2604033;"Chęciny (3)";127;
2604034;"Chęciny - urban area (4)";14;
2604035;"Chęciny - rural area (5)";113;
2604043;"Chmielnik (3)";142;
2604044;"Chmielnik - urban area (4)";8;
2604045;"Chmielnik - rural area (5)";134;
2604053;"Daleszyce (3)";222;
2604054;"Daleszyce - urban area (4)";16;
2604055;"Daleszyce - rural area (5)";206;
2604062;"Górno (2)";83;
2604073;"Łagów (3)";113;
2604074;"Łagów - urban area (4)";8;
2604075;"Łagów - rural area (5)";105;
2604082;"Łopuszno (2)";177;
2604092;"Masłów (2)";86;
2604102;"Miedziana Góra (2)";71;
2604112;"Mniów (2)";95;
2604123;"Morawica (3)";140;
2604124;"Morawica - urban area (4)";4;
2604125;"Morawica - rural area (5)";136;
2604133;"Nowa Słupia (3)";86;
2604134;"Nowa Słupia - urban area (4)";14;
2604135;"Nowa Słupia - rural area (5)";72;
2604142;"Piekoszów (2)";103;
2604153;"Pierzchnica (3)";105;
2604154;"Pierzchnica - urban area (4)";7;
2604155;"Pierzchnica - rural area (5)";98;
2604162;"Raków (2)";191;
2604172;"Nowiny (2)";46;
2604182;"Strawczyn (2)";86;
2604192;"Zagnańsk (2)";125;
2605000;"Powiat konecki";1139;
2605012;"Fałków (2)";132;
2605022;"Gowarczów (2)";101;
2605033;"Końskie (3)";250;
2605034;"Końskie - urban area (4)";18;
2605035;"Końskie - rural area (5)";232;
2605043;"Radoszyce (3)";146;
2605044;"Radoszyce - urban area (4)";17;
2605045;"Radoszyce - rural area (5)";129;
2605052;"Ruda Maleniecka (2)";110;
2605062;"Słupia Konecka (2)";106;
2605072;"Smyków (2)";62;
2605083;"Stąporków (3)";232;
2605084;"Stąporków - urban area (4)";11;
2605085;"Stąporków - rural area (5)";221;
2606000;"Powiat opatowski";911;
2606012;"Baćkowice (2)";96;
2606022;"Iwaniska (2)";105;
2606032;"Lipnik (2)";81;
2606043;"Opatów (3)";114;
2606044;"Opatów - urban area (4)";9;
2606045;"Opatów - rural area (5)";105;
2606053;"Ożarów (3)";183;
2606054;"Ożarów - urban area (4)";8;
2606055;"Ożarów - rural area (5)";175;
2606062;"Sadowie (2)";82;
2606072;"Tarłów (2)";164;
2606082;"Wojciechowice (2)";86;
2607000;"Powiat ostrowiecki";617;
2607011;"Ostrowiec Świętokrzyski (1)";46;
2607022;"Bałtów (2)";105;
2607032;"Bodzechów (2)";122;
2607043;"Ćmielów (3)";118;
2607044;"Ćmielów - urban area (4)";14;
2607045;"Ćmielów - rural area (5)";104;
2607053;"Kunów (3)";114;
2607054;"Kunów - urban area (4)";7;
2607055;"Kunów - rural area (5)";107;
2607062;"Waśniów (2)";112;
2608000;"Powiat pińczowski";613;
2608013;"Działoszyce (3)";106;
2608014;"Działoszyce - urban area (4)";2;
2608015;"Działoszyce - rural area (5)";104;
2608022;"Kije (2)";100;
2608032;"Michałów (2)";112;
2608043;"Pińczów (3)";213;
2608044;"Pińczów - urban area (4)";14;
2608045;"Pińczów - rural area (5)";199;
2608052;"Złota (2)";82;
2609000;"Powiat sandomierski";676;
2609011;"Sandomierz (1)";29;
2609022;"Dwikozy (2)";85;
2609033;"Klimontów (3)";99;
2609034;"Klimontów - urban area (4)";4;
2609035;"Klimontów - rural area (5)";95;
2609043;"Koprzywnica (3)";69;
2609044;"Koprzywnica - urban area (4)";18;
2609045;"Koprzywnica - rural area (5)";51;
2609052;"Łoniów (2)";87;
2609062;"Obrazów (2)";72;
2609072;"Samborzec (2)";85;
2609082;"Wilczyce (2)";70;
2609093;"Zawichost (3)";80;
2609094;"Zawichost - urban area (4)";20;
2609095;"Zawichost - rural area (5)";60;
2610000;"Powiat skarżyski";395;
2610011;"Skarżysko-Kamienna (1)";64;
2610022;"Bliżyn (2)";141;
2610032;"Łączna (2)";62;
2610042;"Skarżysko Kościelne (2)";53;
2610053;"Suchedniów (3)";75;
2610054;"Suchedniów - urban area (4)";60;
2610055;"Suchedniów - rural area (5)";15;
2611000;"Powiat starachowicki";523;
2611011;"Starachowice (1)";32;
2611022;"Brody (2)";161;
2611032;"Mirzec (2)";111;
2611042;"Pawłów (2)";137;
2611053;"Wąchock (3)";82;
2611054;"Wąchock - urban area (4)";16;
2611055;"Wąchock - rural area (5)";66;
2612000;"Powiat staszowski";925;
2612012;"Bogoria (2)";123;
2612022;"Łubnice (2)";84;
2612033;"Oleśnica (3)";53;
2612034;"Oleśnica - urban area (4)";10;
2612035;"Oleśnica - rural area (5)";43;
2612043;"Osiek (3)";129;
2612044;"Osiek - urban area (4)";18;
2612045;"Osiek - rural area (5)";111;
2612053;"Połaniec (3)";75;
2612054;"Połaniec - urban area (4)";17;
2612055;"Połaniec - rural area (5)";58;
2612062;"Rytwiany (2)";125;
2612073;"Staszów (3)";228;
2612074;"Staszów - urban area (4)";27;
2612075;"Staszów - rural area (5)";201;
2612083;"Szydłów (3)";108;
2612084;"Szydłów - urban area (4)";16;
2612085;"Szydłów - rural area (5)";92;
2613000;"Powiat włoszczowski";908;
2613012;"Kluczewsko (2)";137;
2613022;"Krasocin (2)";193;
2613032;"Moskorzew (2)";73;
2613042;"Radków (2)";88;
2613052;"Secemin (2)";163;
2613063;"Włoszczowa (3)";254;
2613064;"Włoszczowa - urban area (4)";30;
2613065;"Włoszczowa - rural area (5)";224;
2661000;"City with powiat status Kielce";110;
2661011;"Kielce (1)";110;
2800000;"WARMIŃSKO-MAZURSKIE";24173;
2801000;"Powiat bartoszycki";1307;
2801011;"Bartoszyce (1)";11;
2801021;"Górowo Iławeckie (1)";3;
2801032;"Bartoszyce (2)";428;
2801043;"Bisztynek (3)";203;
2801044;"Bisztynek - urban area (4)";2;
2801045;"Bisztynek - rural area (5)";201;
2801052;"Górowo Iławeckie (2)";416;
2801063;"Sępopol (3)";246;
2801064;"Sępopol - urban area (4)";5;
2801065;"Sępopol - rural area (5)";241;
2802000;"Powiat braniewski";1202;
2802011;"Braniewo (1)";12;
2802022;"Braniewo (2)";307;
2802033;"Frombork (3)";124;
2802034;"Frombork - urban area (4)";8;
2802035;"Frombork - rural area (5)";116;
2802042;"Lelkowo (2)";198;
2802053;"Pieniężno (3)";243;
2802054;"Pieniężno - urban area (4)";4;
2802055;"Pieniężno - rural area (5)";239;
2802062;"Płoskinia (2)";170;
2802072;"Wilczęta (2)";148;
2803000;"Powiat działdowski";954;
2803011;"Działdowo (1)";11;
2803022;"Działdowo (2)";273;
2803032;"Iłowo-Osada (2)";104;
2803043;"Lidzbark (3)";255;
2803044;"Lidzbark - urban area (4)";6;
2803045;"Lidzbark - rural area (5)";249;
2803052;"Płośnica (2)";163;
2803062;"Rybno (2)";148;
2804000;"Powiat elbląski";1416;
2804012;"Elbląg (2)";192;
2804022;"Godkowo (2)";167;
2804032;"Gronowo Elbląskie (2)";89;
2804042;"Markusy (2)";110;
2804052;"Milejewo (2)";96;
2804063;"Młynary (3)";158;
2804064;"Młynary - urban area (4)";3;
2804065;"Młynary - rural area (5)";155;
2804073;"Pasłęk (3)";264;
2804074;"Pasłęk - urban area (4)";11;
2804075;"Pasłęk - rural area (5)";253;
2804082;"Rychliki (2)";132;
2804093;"Tolkmicko (3)";208;
2804094;"Tolkmicko - urban area (4)";2;
2804095;"Tolkmicko - rural area (5)";206;
2805000;"Powiat ełcki";1113;
2805011;"Ełk (1)";21;
2805022;"Ełk (2)";380;
2805032;"Kalinowo (2)";284;
2805042;"Prostki (2)";231;
2805052;"Stare Juchy (2)";197;
2806000;"Powiat giżycki";1120;
2806011;"Giżycko (1)";14;
2806042;"Giżycko (2)";296;
2806052;"Kruklanki (2)";202;
2806062;"Miłki (2)";170;
2806083;"Ryn (3)";205;
2806084;"Ryn - urban area (4)";4;
2806085;"Ryn - rural area (5)";201;
2806102;"Wydminy (2)";233;
2807000;"Powiat iławski";1385;
2807011;"Iława (1)";22;
2807021;"Lubawa (1)";17;
2807032;"Iława (2)";424;
2807043;"Kisielice (3)";173;
2807044;"Kisielice - urban area (4)";3;
2807045;"Kisielice - rural area (5)";170;
2807052;"Lubawa (2)";236;
2807063;"Susz (3)";259;
2807064;"Susz - urban area (4)";7;
2807065;"Susz - rural area (5)";252;
2807073;"Zalewo (3)";254;
2807074;"Zalewo - urban area (4)";8;
2807075;"Zalewo - rural area (5)";246;
2808000;"Powiat kętrzyński";1213;
2808011;"Kętrzyn (1)";10;
2808022;"Barciany (2)";295;
2808032;"Kętrzyn (2)";285;
2808043;"Korsze (3)";250;
2808044;"Korsze - urban area (4)";4;
2808045;"Korsze - rural area (5)";246;
2808053;"Reszel (3)";179;
2808054;"Reszel - urban area (4)";4;
2808055;"Reszel - rural area (5)";175;
2808062;"Srokowo (2)";194;
2809000;"Powiat lidzbarski";925;
2809011;"Lidzbark Warmiński (1)";14;
2809022;"Kiwity (2)";145;
2809032;"Lidzbark Warmiński (2)";373;
2809042;"Lubomino (2)";149;
2809053;"Orneta (3)";244;
2809054;"Orneta - urban area (4)";10;
2809055;"Orneta - rural area (5)";234;
2810000;"Powiat mrągowski";1065;
2810011;"Mrągowo (1)";15;
2810023;"Mikołajki (3)";256;
2810024;"Mikołajki - urban area (4)";9;
2810025;"Mikołajki - rural area (5)";247;
2810032;"Mrągowo (2)";295;
2810042;"Piecki (2)";314;
2810052;"Sorkwity (2)";185;
2811000;"Powiat nidzicki";961;
2811012;"Janowiec Kościelny (2)";136;
2811022;"Janowo (2)";192;
2811032;"Kozłowo (2)";254;
2811043;"Nidzica (3)";379;
2811044;"Nidzica - urban area (4)";7;
2811045;"Nidzica - rural area (5)";372;
2812000;"Powiat nowomiejski";694;
2812011;"Nowe Miasto Lubawskie (1)";11;
2812022;"Biskupiec (2)";242;
2812032;"Grodziczno (2)";154;
2812042;"Kurzętnik (2)";149;
2812052;"Bratian (2)";138;
2813000;"Powiat olecki";874;
2813032;"Kowale Oleckie (2)";251;
2813043;"Olecko (3)";267;
2813044;"Olecko - urban area (4)";12;
2813045;"Olecko - rural area (5)";255;
2813052;"Świętajno (2)";215;
2813062;"Wieliczki (2)";141;
2814000;"Powiat olsztyński";2837;
2814013;"Barczewo (3)";320;
2814014;"Barczewo - urban area (4)";5;
2814015;"Barczewo - rural area (5)";315;
2814023;"Biskupiec (3)";290;
2814024;"Biskupiec - urban area (4)";5;
2814025;"Biskupiec - rural area (5)";285;
2814033;"Dobre Miasto (3)";259;
2814034;"Dobre Miasto - urban area (4)";5;
2814035;"Dobre Miasto - rural area (5)";254;
2814042;"Dywity (2)";161;
2814052;"Gietrzwałd (2)";172;
2814063;"Jeziorany (3)";211;
2814064;"Jeziorany - urban area (4)";3;
2814065;"Jeziorany - rural area (5)";208;
2814072;"Jonkowo (2)";169;
2814082;"Kolno (2)";179;
2814093;"Olsztynek (3)";372;
2814094;"Olsztynek - urban area (4)";8;
2814095;"Olsztynek - rural area (5)";364;
2814102;"Purda (2)";317;
2814112;"Stawiguda (2)";223;
2814122;"Świątki (2)";164;
2815000;"Powiat ostródzki";1766;
2815011;"Ostróda (1)";14;
2815022;"Dąbrówno (2)";166;
2815032;"Grunwald (2)";180;
2815042;"Łukta (2)";186;
2815052;"Małdyty (2)";189;
2815063;"Miłakowo (3)";158;
2815064;"Miłakowo - urban area (4)";9;
2815065;"Miłakowo - rural area (5)";149;
2815073;"Miłomłyn (3)";161;
2815074;"Miłomłyn - urban area (4)";12;
2815075;"Miłomłyn - rural area (5)";149;
2815083;"Morąg (3)";311;
2815084;"Morąg - urban area (4)";6;
2815085;"Morąg - rural area (5)";305;
2815092;"Ostróda (2)";401;
2816000;"Powiat piski";1775;
2816013;"Biała Piska (3)";420;
2816014;"Biała Piska - urban area (4)";4;
2816015;"Biała Piska - rural area (5)";416;
2816023;"Orzysz (3)";363;
2816024;"Orzysz - urban area (4)";8;
2816025;"Orzysz - rural area (5)";355;
2816033;"Pisz (3)";634;
2816034;"Pisz - urban area (4)";10;
2816035;"Pisz - rural area (5)";624;
2816043;"Ruciane-Nida (3)";358;
2816044;"Ruciane-Nida - urban area (4)";17;
2816045;"Ruciane-Nida - rural area (5)";341;
2817000;"Powiat szczycieński";1933;
2817011;"Szczytno (1)";11;
2817022;"Dźwierzuty (2)";263;
2817032;"Jedwabno (2)";312;
2817043;"Pasym (3)";149;
2817044;"Pasym - urban area (4)";15;
2817045;"Pasym - rural area (5)";134;
2817052;"Rozogi (2)";224;
2817062;"Szczytno (2)";346;
2817072;"Świętajno (2)";280;
2817083;"Wielbark (3)";348;
2817084;"Wielbark - urban area (4)";18;
2817085;"Wielbark - rural area (5)";330;
2818000;"Powiat gołdapski";772;
2818012;"Banie Mazurskie (2)";205;
2818022;"Dubeninki (2)";205;
2818033;"Gołdap (3)";362;
2818034;"Gołdap - urban area (4)";17;
2818035;"Gołdap - rural area (5)";345;
2819000;"Powiat węgorzewski";693;
2819012;"Budry (2)";175;
2819022;"Pozezdrze (2)";177;
2819033;"Węgorzewo (3)";341;
2819034;"Węgorzewo - urban area (4)";11;
2819035;"Węgorzewo - rural area (5)";330;
2861000;"City with powiat status Elbląg";80;
2861011;"Elbląg (1)";80;
2862000;"City with powiat status Olsztyn";88;
2862011;"Olsztyn (1)";88;
3000000;"WIELKOPOLSKIE";29826;
3001000;"Powiat chodzieski";685;
3001011;"Chodzież (1)";13;
3001023;"Budzyń (3)";209;
3001024;"Budzyń - urban area (4)";41;
3001025;"Budzyń - rural area (5)";168;
3001032;"Chodzież (2)";213;
3001043;"Margonin (3)";123;
3001044;"Margonin - urban area (4)";5;
3001045;"Margonin - rural area (5)";118;
3001053;"Szamocin (3)";127;
3001054;"Szamocin - urban area (4)";5;
3001055;"Szamocin - rural area (5)";122;
3002000;"Powiat czarnkowsko-trzcianecki";1806;
3002011;"Czarnków (1)";10;
3002022;"Czarnków (2)";346;
3002032;"Drawsko (2)";163;
3002043;"Krzyż Wielkopolski (3)";174;
3002044;"Krzyż Wielkopolski - urban area (4)";6;
3002045;"Krzyż Wielkopolski - rural area (5)";168;
3002052;"Lubasz (2)";167;
3002062;"Połajewo (2)";142;
3002073;"Trzcianka (3)";374;
3002074;"Trzcianka - urban area (4)";18;
3002075;"Trzcianka - rural area (5)";356;
3002083;"Wieleń (3)";430;
3002084;"Wieleń - urban area (4)";4;
3002085;"Wieleń - rural area (5)";426;
3003000;"Powiat gnieźnieński";1255;
3003011;"Gniezno (1)";41;
3003023;"Czerniejewo (3)";112;
3003024;"Czerniejewo - urban area (4)";10;
3003025;"Czerniejewo - rural area (5)";102;
3003032;"Gniezno (2)";178;
3003042;"Kiszkowo (2)";114;
3003053;"Kłecko (3)";132;
3003054;"Kłecko - urban area (4)";10;
3003055;"Kłecko - rural area (5)";122;
3003062;"Łubowo (2)";114;
3003072;"Mieleszyn (2)";99;
3003082;"Niechanowo (2)";105;
3003093;"Trzemeszno (3)";175;
3003094;"Trzemeszno - urban area (4)";5;
3003095;"Trzemeszno - rural area (5)";170;
3003103;"Witkowo (3)";185;
3003104;"Witkowo - urban area (4)";8;
3003105;"Witkowo - rural area (5)";177;
3004000;"Powiat gostyński";810;
3004013;"Borek Wielkopolski (3)";128;
3004014;"Borek Wielkopolski - urban area (4)";7;
3004015;"Borek Wielkopolski - rural area (5)";121;
3004023;"Gostyń (3)";137;
3004024;"Gostyń - urban area (4)";11;
3004025;"Gostyń - rural area (5)";126;
3004033;"Krobia (3)";130;
3004034;"Krobia - urban area (4)";7;
3004035;"Krobia - rural area (5)";123;
3004042;"Pępowo (2)";86;
3004052;"Piaski (2)";100;
3004063;"Pogorzela (3)";97;
3004064;"Pogorzela - urban area (4)";4;
3004065;"Pogorzela - rural area (5)";93;
3004073;"Poniec (3)";132;
3004074;"Poniec - urban area (4)";3;
3004075;"Poniec - rural area (5)";129;
3005000;"Powiat grodziski";642;
3005012;"Granowo (2)";67;
3005023;"Grodzisk Wielkopolski (3)";133;
3005024;"Grodzisk Wielkopolski - urban area (4)";18;
3005025;"Grodzisk Wielkopolski - rural area (5)";115;
3005032;"Kamieniec (2)";133;
3005043;"Rakoniewice (3)";201;
3005044;"Rakoniewice - urban area (4)";3;
3005045;"Rakoniewice - rural area (5)";198;
3005053;"Wielichowo (3)";108;
3005054;"Wielichowo - urban area (4)";1;
3005055;"Wielichowo - rural area (5)";107;
3006000;"Powiat jarociński";587;
3006013;"Jaraczewo (3)";133;
3006014;"Jaraczewo - urban area (4)";10;
3006015;"Jaraczewo - rural area (5)";123;
3006023;"Jarocin (3)";200;
3006024;"Jarocin - urban area (4)";22;
3006025;"Jarocin - rural area (5)";178;
3006032;"Kotlin (2)";84;
3006043;"Żerków (3)";170;
3006044;"Żerków - urban area (4)";2;
3006045;"Żerków - rural area (5)";168;
3007000;"Powiat kaliski";1160;
3007012;"Blizanów (2)";158;
3007022;"Brzeziny (2)";127;
3007032;"Ceków-Kolonia (2)";88;
3007042;"Godziesze Wielkie (2)";105;
3007053;"Koźminek (3)";89;
3007054;"Koźminek - urban area (4)";6;
3007055;"Koźminek - rural area (5)";83;
3007062;"Lisków (2)";76;
3007072;"Mycielin (2)";111;
3007083;"Opatówek (3)";104;
3007084;"Opatówek - urban area (4)";9;
3007085;"Opatówek - rural area (5)";95;
3007093;"Stawiszyn (3)";78;
3007094;"Stawiszyn - urban area (4)";1;
3007095;"Stawiszyn - rural area (5)";77;
3007102;"Szczytniki (2)";110;
3007112;"Żelazków (2)";114;
3008000;"Powiat kępiński";608;
3008012;"Baranów (2)";74;
3008022;"Bralin (2)";85;
3008033;"Kępno (3)";124;
3008034;"Kępno - urban area (4)";8;
3008035;"Kępno - rural area (5)";116;
3008042;"Łęka Opatowska (2)";78;
3008052;"Perzów (2)";75;
3008062;"Rychtal (2)";97;
3008072;"Trzcinica (2)";75;
3009000;"Powiat kolski";1011;
3009011;"Koło (1)";14;
3009022;"Babiak (2)";134;
3009032;"Chodów (2)";78;
3009043;"Dąbie (3)";130;
3009044;"Dąbie - urban area (4)";9;
3009045;"Dąbie - rural area (5)";121;
3009052;"Grzegorzew (2)";73;
3009063;"Kłodawa (3)";129;
3009064;"Kłodawa - urban area (4)";4;
3009065;"Kłodawa - rural area (5)";125;
3009072;"Koło (2)";103;
3009082;"Kościelec (2)";105;
3009092;"Olszówka (2)";82;
3009102;"Osiek Mały (2)";87;
3009113;"Przedecz (3)";76;
3009114;"Przedecz - urban area (4)";3;
3009115;"Przedecz - rural area (5)";73;
3010000;"Powiat koniński";1578;
3010013;"Golina (3)";99;
3010014;"Golina - urban area (4)";4;
3010015;"Golina - rural area (5)";95;
3010022;"Grodziec (2)";118;
3010032;"Kazimierz Biskupi (2)";108;
3010043;"Kleczew (3)";110;
3010044;"Kleczew - urban area (4)";8;
3010045;"Kleczew - rural area (5)";102;
3010052;"Kramsk (2)";132;
3010062;"Krzymów (2)";92;
3010073;"Rychwał (3)";118;
3010074;"Rychwał - urban area (4)";10;
3010075;"Rychwał - rural area (5)";108;
3010082;"Rzgów (2)";105;
3010092;"Skulsk (2)";85;
3010103;"Sompolno (3)";137;
3010104;"Sompolno - urban area (4)";6;
3010105;"Sompolno - rural area (5)";131;
3010112;"Stare Miasto (2)";98;
3010123;"Ślesin (3)";146;
3010124;"Ślesin - urban area (4)";7;
3010125;"Ślesin - rural area (5)";139;
3010132;"Wierzbinek (2)";147;
3010142;"Wilczyn (2)";83;
3011000;"Powiat kościański";722;
3011011;"Kościan (1)";9;
3011023;"Czempiń (3)";142;
3011024;"Czempiń - urban area (4)";3;
3011025;"Czempiń - rural area (5)";139;
3011032;"Kościan (2)";202;
3011043;"Krzywiń (3)";179;
3011044;"Krzywiń - urban area (4)";2;
3011045;"Krzywiń - rural area (5)";177;
3011053;"Śmigiel (3)";190;
3011054;"Śmigiel - urban area (4)";5;
3011055;"Śmigiel - rural area (5)";185;
3012000;"Powiat krotoszyński";714;
3012011;"Sulmierzyce (1)";29;
3012023;"Kobylin (3)";112;
3012024;"Kobylin - urban area (4)";5;
3012025;"Kobylin - rural area (5)";107;
3012033;"Koźmin Wielkopolski (3)";152;
3012034;"Koźmin Wielkopolski - urban area (4)";6;
3012035;"Koźmin Wielkopolski - rural area (5)";146;
3012043;"Krotoszyn (3)";256;
3012044;"Krotoszyn - urban area (4)";23;
3012045;"Krotoszyn - rural area (5)";233;
3012052;"Rozdrażew (2)";80;
3012063;"Zduny (3)";85;
3012064;"Zduny - urban area (4)";6;
3012065;"Zduny - rural area (5)";79;
3013000;"Powiat leszczyński";806;
3013012;"Krzemieniewo (2)";113;
3013022;"Lipno (2)";104;
3013033;"Osieczna (3)";129;
3013034;"Osieczna - urban area (4)";5;
3013035;"Osieczna - rural area (5)";124;
3013043;"Rydzyna (3)";136;
3013044;"Rydzyna - urban area (4)";2;
3013045;"Rydzyna - rural area (5)";134;
3013052;"Święciechowa (2)";134;
3013062;"Wijewo (2)";62;
3013072;"Włoszakowice (2)";128;
3014000;"Powiat międzychodzki";736;
3014012;"Chrzypsko Wielkie (2)";85;
3014022;"Kwilcz (2)";141;
3014033;"Międzychód (3)";307;
3014034;"Międzychód - urban area (4)";7;
3014035;"Międzychód - rural area (5)";300;
3014043;"Sieraków (3)";203;
3014044;"Sieraków - urban area (4)";14;
3014045;"Sieraków - rural area (5)";189;
3015000;"Powiat nowotomyski";1014;
3015012;"Kuślin (2)";106;
3015023;"Lwówek (3)";184;
3015024;"Lwówek - urban area (4)";3;
3015025;"Lwówek - rural area (5)";181;
3015032;"Miedzichowo (2)";209;
3015043;"Nowy Tomyśl (3)";186;
3015044;"Nowy Tomyśl - urban area (4)";5;
3015045;"Nowy Tomyśl - rural area (5)";181;
3015053;"Opalenica (3)";149;
3015054;"Opalenica - urban area (4)";6;
3015055;"Opalenica - rural area (5)";143;
3015063;"Zbąszyń (3)";180;
3015064;"Zbąszyń - urban area (4)";5;
3015065;"Zbąszyń - rural area (5)";175;
3016000;"Powiat obornicki";711;
3016013;"Oborniki (3)";340;
3016014;"Oborniki - urban area (4)";14;
3016015;"Oborniki - rural area (5)";326;
3016023;"Rogoźno (3)";216;
3016024;"Rogoźno - urban area (4)";11;
3016025;"Rogoźno - rural area (5)";205;
3016032;"Ryczywół (2)";155;
3017000;"Powiat ostrowski";1160;
3017011;"Ostrów Wielkopolski (1)";42;
3017023;"Nowe Skalmierzyce (3)";125;
3017024;"Nowe Skalmierzyce - urban area (4)";1;
3017025;"Nowe Skalmierzyce - rural area (5)";124;
3017033;"Odolanów (3)";136;
3017034;"Odolanów - urban area (4)";5;
3017035;"Odolanów - rural area (5)";131;
3017042;"Ostrów Wielkopolski (2)";208;
3017052;"Przygodzice (2)";163;
3017063;"Raszków (3)";135;
3017064;"Raszków - urban area (4)";2;
3017065;"Raszków - rural area (5)";133;
3017072;"Sieroszewice (2)";163;
3017082;"Sośnie (2)";188;
3018000;"Powiat ostrzeszowski";773;
3018012;"Czajków (2)";71;
3018022;"Doruchów (2)";99;
3018033;"Grabów nad Prosną (3)";124;
3018034;"Grabów nad Prosną - urban area (4)";3;
3018035;"Grabów nad Prosną - rural area (5)";121;
3018042;"Kobyla Góra (2)";130;
3018052;"Kraszewice (2)";75;
3018063;"Mikstat (3)";87;
3018064;"Mikstat - urban area (4)";3;
3018065;"Mikstat - rural area (5)";84;
3018073;"Ostrzeszów (3)";187;
3018074;"Ostrzeszów - urban area (4)";12;
3018075;"Ostrzeszów - rural area (5)";175;
3019000;"Powiat pilski";1268;
3019011;"Piła (1)";103;
3019022;"Białośliwie (2)";76;
3019032;"Kaczory (2)";151;
3019043;"Łobżenica (3)";191;
3019044;"Łobżenica - urban area (4)";3;
3019045;"Łobżenica - rural area (5)";188;
3019052;"Miasteczko Krajeńskie (2)";71;
3019062;"Szydłowo (2)";266;
3019073;"Ujście (3)";128;
3019074;"Ujście - urban area (4)";6;
3019075;"Ujście - rural area (5)";122;
3019083;"Wyrzysk (3)";159;
3019084;"Wyrzysk - urban area (4)";4;
3019085;"Wyrzysk - rural area (5)";155;
3019093;"Wysoka (3)";123;
3019094;"Wysoka - urban area (4)";5;
3019095;"Wysoka - rural area (5)";118;
3020000;"Powiat pleszewski";713;
3020013;"Chocz (3)";74;
3020014;"Chocz - urban area (4)";7;
3020015;"Chocz - rural area (5)";67;
3020022;"Czermin (2)";98;
3020033;"Dobrzyca (3)";117;
3020034;"Dobrzyca - urban area (4)";20;
3020035;"Dobrzyca - rural area (5)";97;
3020042;"Gizałki (2)";108;
3020052;"Gołuchów (2)";136;
3020063;"Pleszew (3)";180;
3020064;"Pleszew - urban area (4)";13;
3020065;"Pleszew - rural area (5)";167;
3021000;"Powiat poznański";1900;
3021011;"Luboń (1)";14;
3021021;"Puszczykowo (1)";16;
3021033;"Buk (3)";91;
3021034;"Buk - urban area (4)";3;
3021035;"Buk - rural area (5)";88;
3021042;"Czerwonak (2)";82;
3021052;"Dopiewo (2)";108;
3021062;"Kleszczewo (2)";74;
3021072;"Komorniki (2)";66;
3021083;"Kostrzyn (3)";155;
3021084;"Kostrzyn - urban area (4)";8;
3021085;"Kostrzyn - rural area (5)";147;
3021093;"Kórnik (3)";186;
3021094;"Kórnik - urban area (4)";6;
3021095;"Kórnik - rural area (5)";180;
3021103;"Mosina (3)";172;
3021104;"Mosina - urban area (4)";14;
3021105;"Mosina - rural area (5)";158;
3021113;"Murowana Goślina (3)";172;
3021114;"Murowana Goślina - urban area (4)";9;
3021115;"Murowana Goślina - rural area (5)";163;
3021123;"Pobiedziska (3)";189;
3021124;"Pobiedziska - urban area (4)";10;
3021125;"Pobiedziska - rural area (5)";179;
3021132;"Rokietnica (2)";79;
3021143;"Stęszew (3)";175;
3021144;"Stęszew - urban area (4)";6;
3021145;"Stęszew - rural area (5)";169;
3021152;"Suchy Las (2)";117;
3021163;"Swarzędz (3)";102;
3021164;"Swarzędz - urban area (4)";9;
3021165;"Swarzędz - rural area (5)";93;
3021172;"Tarnowo Podgórne (2)";102;
3022000;"Powiat rawicki";554;
3022013;"Bojanowo (3)";124;
3022014;"Bojanowo - urban area (4)";2;
3022015;"Bojanowo - rural area (5)";122;
3022023;"Jutrosin (3)";115;
3022024;"Jutrosin - urban area (4)";2;
3022025;"Jutrosin - rural area (5)";113;
3022033;"Miejska Górka (3)";103;
3022034;"Miejska Górka - urban area (4)";3;
3022035;"Miejska Górka - rural area (5)";100;
3022042;"Pakosław (2)";78;
3022053;"Rawicz (3)";134;
3022054;"Rawicz - urban area (4)";9;
3022055;"Rawicz - rural area (5)";125;
3023000;"Powiat słupecki";838;
3023011;"Słupca (1)";10;
3023022;"Lądek (2)";99;
3023032;"Orchowo (2)";98;
3023042;"Ostrowite (2)";104;
3023052;"Powidz (2)";81;
3023062;"Słupca (2)";144;
3023072;"Strzałkowo (2)";142;
3023083;"Zagórów (3)";160;
3023084;"Zagórów - urban area (4)";4;
3023085;"Zagórów - rural area (5)";156;
3024000;"Powiat szamotulski";1119;
3024011;"Obrzycko (1)";4;
3024022;"Duszniki (2)";155;
3024032;"Kaźmierz (2)";128;
3024042;"Obrzycko (2)";111;
3024053;"Ostroróg (3)";85;
3024054;"Ostroróg - urban area (4)";1;
3024055;"Ostroróg - rural area (5)";84;
3024063;"Pniewy (3)";158;
3024064;"Pniewy - urban area (4)";9;
3024065;"Pniewy - rural area (5)";149;
3024073;"Szamotuły (3)";176;
3024074;"Szamotuły - urban area (4)";11;
3024075;"Szamotuły - rural area (5)";165;
3024083;"Wronki (3)";302;
3024084;"Wronki - urban area (4)";6;
3024085;"Wronki - rural area (5)";296;
3025000;"Powiat średzki";624;
3025012;"Dominowo (2)";79;
3025022;"Krzykosy (2)";111;
3025032;"Nowe Miasto nad Wartą (2)";120;
3025043;"Środa Wielkopolska (3)";207;
3025044;"Środa Wielkopolska - urban area (4)";22;
3025045;"Środa Wielkopolska - rural area (5)";185;
3025052;"Zaniemyśl (2)";107;
3026000;"Powiat śremski";574;
3026012;"Brodnica (2)";96;
3026023;"Dolsk (3)";124;
3026024;"Dolsk - urban area (4)";6;
3026025;"Dolsk - rural area (5)";118;
3026033;"Książ Wielkopolski (3)";148;
3026034;"Książ Wielkopolski - urban area (4)";2;
3026035;"Książ Wielkopolski - rural area (5)";146;
3026043;"Śrem (3)";206;
3026044;"Śrem - urban area (4)";12;
3026045;"Śrem - rural area (5)";194;
3027000;"Powiat turecki";929;
3027011;"Turek (1)";16;
3027022;"Brudzew (2)";112;
3027033;"Dobra (3)";132;
3027034;"Dobra - urban area (4)";2;
3027035;"Dobra - rural area (5)";130;
3027042;"Kawęczyn (2)";101;
3027052;"Malanów (2)";107;
3027062;"Przykona (2)";111;
3027073;"Tuliszków (3)";150;
3027074;"Tuliszków - urban area (4)";7;
3027075;"Tuliszków - rural area (5)";143;
3027082;"Turek (2)";109;
3027092;"Władysławów (2)";91;
3028000;"Powiat wągrowiecki";1040;
3028011;"Wągrowiec (1)";18;
3028022;"Damasławek (2)";105;
3028033;"Gołańcz (3)";192;
3028034;"Gołańcz - urban area (4)";13;
3028035;"Gołańcz - rural area (5)";179;
3028042;"Mieścisko (2)";135;
3028053;"Skoki (3)";198;
3028054;"Skoki - urban area (4)";11;
3028055;"Skoki - rural area (5)";187;
3028062;"Wapno (2)";44;
3028072;"Wągrowiec (2)";348;
3029000;"Powiat wolsztyński";680;
3029012;"Przemęt (2)";225;
3029022;"Siedlec (2)";205;
3029033;"Wolsztyn (3)";250;
3029034;"Wolsztyn - urban area (4)";5;
3029035;"Wolsztyn - rural area (5)";245;
3030000;"Powiat wrzesiński";704;
3030012;"Kołaczkowo (2)";116;
3030023;"Miłosław (3)";132;
3030024;"Miłosław - urban area (4)";4;
3030025;"Miłosław - rural area (5)";128;
3030033;"Nekla (3)";96;
3030034;"Nekla - urban area (4)";20;
3030035;"Nekla - rural area (5)";76;
3030043;"Pyzdry (3)";138;
3030044;"Pyzdry - urban area (4)";12;
3030045;"Pyzdry - rural area (5)";126;
3030053;"Września (3)";222;
3030054;"Września - urban area (4)";13;
3030055;"Września - rural area (5)";209;
3031000;"Powiat złotowski";1660;
3031011;"Złotów (1)";12;
3031023;"Jastrowie (3)";353;
3031024;"Jastrowie - urban area (4)";72;
3031025;"Jastrowie - rural area (5)";281;
3031033;"Krajenka (3)";191;
3031034;"Krajenka - urban area (4)";4;
3031035;"Krajenka - rural area (5)";187;
3031042;"Lipka (2)";191;
3031053;"Okonek (3)";326;
3031054;"Okonek - urban area (4)";6;
3031055;"Okonek - rural area (5)";320;
3031062;"Tarnówka (2)";132;
3031072;"Zakrzewo (2)";162;
3031082;"Złotów (2)";293;
3061000;"City with powiat status Kalisz";69;
3061011;"Kalisz (1)";69;
3062000;"City with powiat status Konin";82;
3062011;"Konin (1)";82;
3063000;"City with powiat status Leszno";32;
3063011;"Leszno (1)";32;
3064000;"City with powiat status Poznań";262;
3064011;"Poznań (1)";262;
3200000;"ZACHODNIOPOMORSKIE";22905;
3201000;"Powiat białogardzki";845;
3201011;"Białogard (1)";26;
3201022;"Białogard (2)";328;
3201033;"Karlino (3)";141;
3201034;"Karlino - urban area (4)";9;
3201035;"Karlino - rural area (5)";132;
3201043;"Tychowo (3)";350;
3201044;"Tychowo - urban area (4)";4;
3201045;"Tychowo - rural area (5)";346;
3202000;"Powiat choszczeński";1328;
3202012;"Bierzwnik (2)";240;
3202023;"Choszczno (3)";246;
3202024;"Choszczno - urban area (4)";10;
3202025;"Choszczno - rural area (5)";236;
3202033;"Drawno (3)";321;
3202034;"Drawno - urban area (4)";5;
3202035;"Drawno - rural area (5)";316;
3202042;"Krzęcin (2)";140;
3202053;"Pełczyce (3)";201;
3202054;"Pełczyce - urban area (4)";13;
3202055;"Pełczyce - rural area (5)";188;
3202063;"Recz (3)";180;
3202064;"Recz - urban area (4)";12;
3202065;"Recz - rural area (5)";168;
3203000;"Powiat drawski";1764;
3203013;"Czaplinek (3)";365;
3203014;"Czaplinek - urban area (4)";14;
3203015;"Czaplinek - rural area (5)";351;
3203023;"Drawsko Pomorskie (3)";409;
3203024;"Drawsko Pomorskie - urban area (4)";22;
3203025;"Drawsko Pomorskie - rural area (5)";387;
3203033;"Kalisz Pomorski (3)";481;
3203034;"Kalisz Pomorski - urban area (4)";12;
3203035;"Kalisz Pomorski - rural area (5)";469;
3203052;"Wierzchowo (2)";229;
3203063;"Złocieniec (3)";280;
3203064;"Złocieniec - urban area (4)";32;
3203065;"Złocieniec - rural area (5)";248;
3204000;"Powiat goleniowski";1616;
3204023;"Goleniów (3)";443;
3204024;"Goleniów - urban area (4)";12;
3204025;"Goleniów - rural area (5)";431;
3204033;"Maszewo (3)";210;
3204034;"Maszewo - urban area (4)";6;
3204035;"Maszewo - rural area (5)";204;
3204043;"Nowogard (3)";339;
3204044;"Nowogard - urban area (4)";13;
3204045;"Nowogard - rural area (5)";326;
3204052;"Osina (2)";102;
3204062;"Przybiernów (2)";229;
3204073;"Stepnica (3)";293;
3204074;"Stepnica - urban area (4)";3;
3204075;"Stepnica - rural area (5)";290;
3205000;"Powiat gryficki";1021;
3205012;"Brojce (2)";118;
3205023;"Gryfice (3)";261;
3205024;"Gryfice - urban area (4)";12;
3205025;"Gryfice - rural area (5)";249;
3205032;"Karnice (2)";133;
3205043;"Płoty (3)";239;
3205044;"Płoty - urban area (4)";4;
3205045;"Płoty - rural area (5)";235;
3205072;"Rewal (2)";43;
3205083;"Trzebiatów (3)";227;
3205084;"Trzebiatów - urban area (4)";10;
3205085;"Trzebiatów - rural area (5)";217;
3206000;"Powiat gryfiński";1870;
3206012;"Banie (2)";206;
3206023;"Cedynia (3)";181;
3206024;"Cedynia - urban area (4)";2;
3206025;"Cedynia - rural area (5)";179;
3206033;"Chojna (3)";332;
3206034;"Chojna - urban area (4)";12;
3206035;"Chojna - rural area (5)";320;
3206043;"Gryfino (3)";254;
3206044;"Gryfino - urban area (4)";12;
3206045;"Gryfino - rural area (5)";242;
3206053;"Mieszkowice (3)";239;
3206054;"Mieszkowice - urban area (4)";5;
3206055;"Mieszkowice - rural area (5)";234;
3206063;"Moryń (3)";125;
3206064;"Moryń - urban area (4)";6;
3206065;"Moryń - rural area (5)";119;
3206072;"Stare Czarnowo (2)";153;
3206083;"Trzcińsko-Zdrój (3)";170;
3206084;"Trzcińsko-Zdrój - urban area (4)";2;
3206085;"Trzcińsko-Zdrój - rural area (5)";168;
3206092;"Widuchowa (2)";210;
3207000;"Powiat kamieński";1007;
3207013;"Dziwnów (3)";40;
3207014;"Dziwnów - urban area (4)";7;
3207015;"Dziwnów - rural area (5)";33;
3207023;"Golczewo (3)";175;
3207024;"Golczewo - urban area (4)";7;
3207025;"Golczewo - rural area (5)";168;
3207033;"Kamień Pomorski (3)";209;
3207034;"Kamień Pomorski - urban area (4)";11;
3207035;"Kamień Pomorski - rural area (5)";198;
3207043;"Międzyzdroje (3)";116;
3207044;"Międzyzdroje - urban area (4)";5;
3207045;"Międzyzdroje - rural area (5)";111;
3207052;"Świerzno (2)";140;
3207063;"Wolin (3)";327;
3207064;"Wolin - urban area (4)";14;
3207065;"Wolin - rural area (5)";313;
3208000;"Powiat kołobrzeski";725;
3208011;"Kołobrzeg (1)";26;
3208022;"Dygowo (2)";129;
3208033;"Gościno (3)";116;
3208034;"Gościno - urban area (4)";6;
3208035;"Gościno - rural area (5)";110;
3208042;"Kołobrzeg (2)";144;
3208052;"Rymań (2)";146;
3208062;"Siemyśl (2)";107;
3208072;"Ustronie Morskie (2)";57;
3209000;"Powiat koszaliński";1653;
3209012;"Będzino (2)";166;
3209022;"Biesiekierz (2)";116;
3209033;"Bobolice (3)";368;
3209034;"Bobolice - urban area (4)";5;
3209035;"Bobolice - rural area (5)";363;
3209042;"Manowo (2)";188;
3209053;"Mielno (3)";62;
3209054;"Mielno - urban area (4)";33;
3209055;"Mielno - rural area (5)";29;
3209063;"Polanów (3)";393;
3209064;"Polanów - urban area (4)";7;
3209065;"Polanów - rural area (5)";386;
3209073;"Sianów (3)";227;
3209074;"Sianów - urban area (4)";16;
3209075;"Sianów - rural area (5)";211;
3209082;"Świeszyno (2)";133;
3210000;"Powiat myśliborski";1182;
3210013;"Barlinek (3)";259;
3210014;"Barlinek - urban area (4)";18;
3210015;"Barlinek - rural area (5)";241;
3210022;"Boleszkowice (2)";130;
3210033;"Dębno (3)";318;
3210034;"Dębno - urban area (4)";20;
3210035;"Dębno - rural area (5)";298;
3210043;"Myślibórz (3)";329;
3210044;"Myślibórz - urban area (4)";15;
3210045;"Myślibórz - rural area (5)";314;
3210052;"Nowogródek Pomorski (2)";146;
3211000;"Powiat policki";665;
3211012;"Dobra (Szczecińska) (2)";110;
3211022;"Kołbaskowo (2)";105;
3211033;"Nowe Warpno (3)";198;
3211034;"Nowe Warpno - urban area (4)";25;
3211035;"Nowe Warpno - rural area (5)";173;
3211043;"Police (3)";252;
3211044;"Police - urban area (4)";37;
3211045;"Police - rural area (5)";215;
3212000;"Powiat pyrzycki";726;
3212012;"Bielice (2)";84;
3212022;"Kozielice (2)";95;
3212033;"Lipiany (3)";95;
3212034;"Lipiany - urban area (4)";6;
3212035;"Lipiany - rural area (5)";89;
3212042;"Przelewice (2)";162;
3212053;"Pyrzyce (3)";204;
3212054;"Pyrzyce - urban area (4)";39;
3212055;"Pyrzyce - rural area (5)";165;
3212062;"Warnice (2)";86;
3213000;"Powiat sławieński";1043;
3213011;"Darłowo (1)";20;
3213021;"Sławno (1)";16;
3213032;"Darłowo (2)";269;
3213042;"Malechowo (2)";227;
3213052;"Postomino (2)";227;
3213062;"Sławno (2)";284;
3214000;"Powiat stargardzki";1520;
3214011;"Stargard (1)";48;
3214023;"Chociwel (3)";161;
3214024;"Chociwel - urban area (4)";4;
3214025;"Chociwel - rural area (5)";157;
3214033;"Dobrzany (3)";135;
3214034;"Dobrzany - urban area (4)";5;
3214035;"Dobrzany - rural area (5)";130;
3214042;"Dolice (2)";237;
3214053;"Ińsko (3)";151;
3214054;"Ińsko - urban area (4)";7;
3214055;"Ińsko - rural area (5)";144;
3214062;"Kobylanka (2)";122;
3214082;"Marianowo (2)";102;
3214092;"Stara Dąbrowa (2)";113;
3214102;"Stargard (2)";318;
3214113;"Suchań (3)";133;
3214114;"Suchań - urban area (4)";4;
3214115;"Suchań - rural area (5)";129;
3215000;"Powiat szczecinecki";1766;
3215011;"Szczecinek (1)";48;
3215023;"Barwice (3)";259;
3215024;"Barwice - urban area (4)";8;
3215025;"Barwice - rural area (5)";251;
3215033;"Biały Bór (3)";270;
3215034;"Biały Bór - urban area (4)";13;
3215035;"Biały Bór - rural area (5)";257;
3215043;"Borne Sulinowo (3)";484;
3215044;"Borne Sulinowo - urban area (4)";18;
3215045;"Borne Sulinowo - rural area (5)";466;
3215052;"Grzmiąca (2)";205;
3215062;"Szczecinek (2)";500;
3216000;"Powiat świdwiński";1093;
3216011;"Świdwin (1)";22;
3216022;"Brzeżno (2)";111;
3216033;"Połczyn-Zdrój (3)";344;
3216034;"Połczyn-Zdrój - urban area (4)";8;
3216035;"Połczyn-Zdrój - rural area (5)";336;
3216042;"Rąbino (2)";180;
3216052;"Sławoborze (2)";189;
3216062;"Świdwin (2)";247;
3217000;"Powiat wałecki";1415;
3217011;"Wałcz (1)";38;
3217023;"Człopa (3)";349;
3217024;"Człopa - urban area (4)";6;
3217025;"Człopa - rural area (5)";343;
3217033;"Mirosławiec (3)";203;
3217034;"Mirosławiec - urban area (4)";2;
3217035;"Mirosławiec - rural area (5)";201;
3217043;"Tuczno (3)";250;
3217044;"Tuczno - urban area (4)";9;
3217045;"Tuczno - rural area (5)";241;
3217052;"Wałcz (2)";575;
3218000;"Powiat łobeski";1065;
3218013;"Dobra (3)";116;
3218014;"Dobra - urban area (4)";2;
3218015;"Dobra - rural area (5)";114;
3218023;"Łobez (3)";227;
3218024;"Łobez - urban area (4)";13;
3218025;"Łobez - rural area (5)";214;
3218032;"Radowo Małe (2)";181;
3218043;"Resko (3)";285;
3218044;"Resko - urban area (4)";4;
3218045;"Resko - rural area (5)";281;
3218053;"Węgorzyno (3)";256;
3218054;"Węgorzyno - urban area (4)";7;
3218055;"Węgorzyno - rural area (5)";249;
3261000;"City with powiat status Koszalin";98;
3261011;"Koszalin (1)";98;
3262000;"City with powiat status Szczecin";301;
3262011;"Szczecin (1)";301;
3263000;"City with powiat status Świnoujście";202;
3263011;"Świnoujście (1)";202;
